ID,2010-12-31 00:00:00,2011-12-30 00:00:00,2012-12-31 00:00:00,2013-12-31 00:00:00,2014-12-31 00:00:00,2015-12-31 00:00:00,2016-12-30 00:00:00,2017-12-29 00:00:00,2018-12-31 00:00:00,2019-12-31 00:00:00,2020-12-31 00:00:00,2021-12-31 00:00:00
LYB UN Equity,18.56,20.49,39.43,57.07,58.08,65.72,67.62,90.43,70.81,84.55,86.79,91.19
SBNY UW Equity,46.93,56.3,66.96,100.82,118.22,143.94,140.97,128.82,97.46,131.82,133.41,322.15
AXP UN Equity,36.36,40.6,50.17,80.19,83.13,63.0,68.41,93.19,90.75,120.25,118.88,162.73
VZ UN Equity,21.14,24.99,28.28,33.54,33.36,34.57,41.72,43.38,48.26,54.94,54.87,50.72
BA UN Equity,52.12,60.02,63.15,116.65,113.68,129.67,144.34,281.05,313.37,323.83,214.06,201.32
CAT UN Equity,68.77,67.77,68.82,71.2,73.68,56.75,80.65,141.16,116.37,139.08,176.59,204.76
JPM UN Equity,31.1,24.9,33.91,46.37,50.95,55.22,74.29,94.16,87.93,129.48,122.31,156.25
CVX UN Equity,58.02,69.79,73.32,87.48,81.36,68.2,93.21,103.08,93.03,107.24,79.41,116.13
KO UN Equity,23.19,25.38,27.04,31.7,33.37,35.08,34.96,39.99,42.69,51.49,52.76,58.76
DIS UN Equity,33.03,33.58,45.26,70.31,87.79,99.14,99.8,104.55,108.33,144.63,181.18,154.89
FLT UN Equity,30.92,29.87,53.65,117.17,148.71,142.93,141.52,192.43,185.72,287.72,272.83,223.84
EXR UN Equity,12.02,17.19,26.54,31.81,45.8,71.09,64.56,76.07,81.61,98.51,111.95,225.0
XOM UN Equity,46.42,55.09,57.68,69.28,65.09,56.76,68.05,65.46,55.58,59.6,38.02,59.91
GE UN Equity,106.96,108.39,131.43,181.18,169.11,215.66,225.62,128.79,57.45,88.47,86.05,94.39
MPWR UW Equity,14.56,13.28,20.56,31.98,46.36,60.26,78.38,108.34,113.2,175.23,363.58,492.61
IBM UN Equity,94.01,119.77,126.87,126.64,110.96,98.28,123.06,118.15,91.5,113.07,111.76,130.49
JNJ UN Equity,44.7,49.12,54.45,73.3,86.01,86.99,100.33,124.83,118.43,137.64,152.53,169.98
MCD UN Equity,55.8,75.15,68.19,77.46,77.38,100.93,107.19,155.48,164.46,187.44,208.62,266.59
MRK UN Equity,23.46,25.7,29.08,36.88,43.13,41.45,47.69,46.98,65.75,80.39,74.6,75.96
MMM UN Equity,63.24,61.45,71.69,110.73,132.88,125.02,152.17,205.29,170.6,163.28,167.79,175.93
AWK UN Equity,19.63,25.52,30.78,35.73,46.25,53.13,65.66,84.71,85.83,118.26,150.04,187.3
BAC UN Equity,11.43,4.79,10.04,13.51,15.64,14.89,19.86,26.95,22.91,33.49,29.59,44.27
PFE UN Equity,10.89,14.03,16.89,21.32,22.45,24.04,25.1,29.09,36.31,33.8,34.87,58.13
PG UN Equity,45.57,48.79,51.33,63.47,73.26,65.95,72.13,81.28,84.18,117.6,134.25,161.79
T UN Equity,11.48,12.52,14.71,16.14,16.25,17.6,22.85,21.94,17.06,24.82,19.52,17.94
TRV UN Equity,42.41,46.36,57.88,74.72,89.37,97.5,108.2,122.65,110.82,129.66,136.55,155.61
RTX UN Equity,35.51,33.74,38.85,55.12,56.9,48.68,57.02,67.93,57.97,83.38,69.43,85.58
INTC UW Equity,14.9,17.79,15.66,20.5,29.56,28.91,31.44,41.14,42.88,56.05,47.82,50.71
GM UN Equity,28.49,15.67,22.28,31.59,27.94,28.36,30.47,37.33,31.71,36.16,41.64,58.63
MSFT UW Equity,21.97,20.97,22.2,32.03,40.84,50.1,57.66,81.14,98.02,154.43,220.12,335.63
CI UN Equity,35.68,40.91,52.12,85.35,100.46,142.89,130.29,198.42,185.6,199.89,203.53,228.55
C UN Equity,39.98,22.26,33.51,44.18,45.91,44.04,51.04,64.84,46.37,73.18,58.76,59.31
AIG UN Equity,39.78,19.12,29.09,42.24,46.78,52.46,56.54,52.66,35.76,47.77,36.74,56.55
MO UN Equity,13.29,16.96,18.94,24.36,32.76,40.33,48.58,53.16,38.73,41.78,37.52,46.59
UAA UN Equity,7.08,9.27,12.53,22.55,35.08,41.64,29.05,14.43,17.67,21.6,17.17,21.19
IP UN Equity,16.71,18.79,26.17,33.1,37.8,27.51,40.42,45.72,33.05,39.48,44.94,46.51
ABT UN Equity,17.87,21.76,26.17,32.53,39.07,39.8,34.89,53.05,68.46,83.58,107.02,139.69
AFL UN Equity,21.35,16.8,21.24,27.37,25.66,25.8,30.73,39.65,42.1,49.92,43.13,58.03
APD UN Equity,63.47,61.07,62.1,84.99,112.27,103.7,127.06,148.71,149.1,223.67,265.76,302.31
RCL UN Equity,39.49,20.98,29.23,41.54,73.49,91.67,75.99,112.64,94.47,132.2,74.69,76.9
HES UN Equity,64.74,48.34,45.42,71.85,64.67,43.19,56.54,44.07,38.28,64.2,51.91,73.75
ADM UN Equity,22.27,21.62,21.22,34.36,42.03,30.39,39.02,35.32,37.18,43.54,48.96,67.23
ADP UW Equity,31.09,37.35,40.6,59.03,71.09,74.01,91.98,107.2,122.48,162.54,172.06,245.36
VRSK UW Equity,33.37,39.29,49.94,64.35,62.72,75.28,79.48,94.0,106.77,147.25,205.99,228.34
AVY UN Equity,32.65,22.8,28.77,42.44,45.07,55.78,63.92,106.58,84.97,126.22,152.56,215.73
MSCI UN Equity,35.76,30.23,28.45,40.13,43.72,67.33,74.49,121.14,142.88,253.17,441.5,609.88
BALL UN Equity,15.44,16.33,20.67,24.13,32.12,34.52,35.89,36.53,44.8,63.54,92.26,96.06
BK UN Equity,23.53,15.8,20.89,28.96,34.26,35.39,41.42,47.91,42.72,46.8,40.76,57.29
BAX UN Equity,22.52,22.54,31.2,33.47,36.28,35.52,41.77,61.52,63.3,81.27,78.87,85.56
BDX UN Equity,68.23,61.62,66.08,95.34,122.29,137.73,150.44,197.44,210.5,257.24,239.86,244.37
BRK/B UN Equity,80.11,76.3,89.7,118.56,150.15,132.04,162.98,198.22,204.18,226.5,231.87,299.0
BSX UN Equity,7.57,5.34,5.73,12.02,13.25,18.44,21.63,24.79,35.34,45.22,35.95,42.48
BMY UN Equity,18.46,25.73,24.76,42.07,48.04,57.29,49.56,53.38,46.5,59.4,59.64,61.36
CTRA UN Equity,7.98,16.04,21.06,32.88,25.18,15.09,19.99,24.64,19.45,15.41,14.74,18.21
LUMN UN Equity,18.48,16.03,18.13,15.74,20.72,14.12,14.43,11.3,11.52,10.92,8.83,12.25
UDR UN Equity,15.96,17.6,17.26,17.6,24.15,30.43,30.51,33.28,35.42,43.02,36.77,59.24
CLX UN Equity,45.81,49.81,56.73,74.19,86.01,107.53,104.31,132.62,141.31,144.46,194.24,171.9
CMS UN Equity,12.78,15.83,18.21,20.74,27.92,29.96,35.61,41.67,45.11,58.66,58.48,64.16
CL UN Equity,30.73,36.29,42.07,53.68,58.2,57.29,57.54,67.83,54.81,65.0,82.66,84.38
CMA UN Equity,31.7,19.63,23.51,37.48,37.52,34.13,56.64,73.26,59.21,64.23,53.44,86.33
IPGP UW Equity,31.3,33.53,66.65,77.61,74.92,89.16,98.71,214.13,113.29,144.92,223.79,172.14
ED UN Equity,31.83,41.64,38.84,40.3,50.3,51.01,60.65,72.36,67.57,82.8,68.73,84.51
GLW UN Equity,14.77,10.05,10.03,14.54,19.08,15.59,21.24,28.59,27.65,27.37,34.91,36.98
CMI UN Equity,83.53,67.72,84.8,112.36,117.16,73.62,118.28,157.0,122.36,168.9,220.43,216.72
DHR UN Equity,34.05,34.02,40.51,56.02,62.51,68.16,75.87,91.05,101.8,152.24,221.26,328.72
D UN Equity,27.35,35.4,35.99,46.72,57.46,52.43,61.69,67.81,62.66,76.13,72.06,77.91
DOV UN Equity,31.21,31.65,36.62,54.77,49.95,43.75,54.84,75.51,67.17,111.37,124.21,181.02
DUK UN Equity,32.34,42.1,42.65,48.2,60.9,54.34,61.64,69.62,74.79,82.48,86.42,102.93
ETN UN Equity,35.8,31.57,40.61,58.52,53.71,42.58,56.97,69.25,62.29,88.93,116.49,170.89
ECL UN Equity,44.45,51.67,65.09,95.41,96.66,107.02,111.04,128.58,142.82,188.9,213.77,233.84
PKI UN Equity,24.19,18.96,30.42,39.84,42.53,52.4,51.29,72.24,77.88,96.57,143.12,200.89
EMR UN Equity,40.72,34.11,40.03,54.51,49.27,39.55,47.86,61.77,54.43,71.6,77.76,91.91
EOG UN Equity,38.38,41.64,51.4,71.79,79.2,61.36,88.38,94.99,77.26,75.08,46.07,86.9
AON UN Equity,40.7,41.9,50.39,76.84,87.83,86.43,105.87,128.62,141.02,204.02,208.85,299.46
ETR UN Equity,42.84,46.42,42.54,44.39,64.27,52.6,59.2,68.62,75.9,109.53,94.49,110.67
EFX UN Equity,30.92,34.28,48.65,63.0,74.76,104.13,111.78,112.84,90.32,137.57,191.21,292.25
IT UN Equity,33.2,34.77,46.02,71.05,84.21,90.7,101.07,123.15,127.84,154.1,160.19,334.32
FMC UN Equity,30.04,32.59,44.66,58.07,44.29,30.85,45.23,76.34,60.33,95.77,112.35,109.44
BRO UN Equity,10.47,10.04,11.45,14.29,15.18,15.02,21.29,24.73,26.79,38.75,46.92,70.05
F UN Equity,11.19,7.17,8.79,10.76,11.15,10.55,9.72,10.57,6.94,8.99,8.64,20.53
NEE UN Equity,9.4,11.46,13.51,17.29,22.12,22.29,26.39,35.47,40.54,57.85,75.24,92.85
BEN UN Equity,25.07,22.34,30.18,41.92,40.94,27.63,30.32,33.83,25.94,23.53,23.87,33.15
FCX UN Equity,46.99,29.67,28.48,33.8,21.69,6.48,12.62,18.14,9.96,12.9,25.69,41.46
DXCM UW Equity,13.65,9.31,13.61,35.41,55.05,81.9,59.7,57.39,119.8,218.74,369.72,536.95
GD UN Equity,54.03,51.95,56.22,79.26,116.71,118.78,152.58,182.87,143.84,165.13,143.43,206.22
GPC UN Equity,36.86,45.43,48.73,65.56,86.15,71.39,81.59,83.59,87.03,99.25,97.07,139.2
ATO UN Equity,22.68,25.26,27.72,37.08,46.91,54.57,65.73,77.83,85.92,105.79,92.33,104.1
GWW UN Equity,112.06,154.44,169.5,217.04,220.35,178.68,209.54,218.64,266.06,325.25,399.56,514.63
HAL UN Equity,34.27,29.21,29.69,43.93,34.45,30.34,49.04,45.03,24.94,23.71,18.68,22.79
LHX UN Equity,35.3,28.79,40.38,59.26,62.47,77.49,93.54,131.7,127.25,189.87,184.64,212.31
PEAK UN Equity,18.85,22.36,25.53,21.48,27.46,25.26,22.88,21.12,24.01,31.01,28.63,35.43
HSY UN Equity,36.46,48.99,58.6,80.5,87.87,77.3,91.8,103.12,100.11,140.36,148.64,192.61
AJG UN Equity,21.23,25.53,27.48,38.46,39.8,35.76,46.88,58.62,69.87,92.08,121.66,169.13
CNP UN Equity,10.09,13.46,13.44,16.77,17.63,14.53,20.47,24.48,25.38,25.54,20.95,27.73
HUM UN Equity,49.87,80.55,63.96,97.42,136.73,171.01,196.41,240.8,279.99,361.01,406.89,463.03
ITW UN Equity,40.98,36.86,49.24,69.62,80.06,80.16,108.24,150.38,117.14,170.56,198.57,245.42
TT UN Equity,24.08,15.76,25.19,41.1,42.99,38.23,52.96,64.23,67.06,99.46,142.65,201.16
IPG UN Equity,7.55,7.09,8.21,13.46,16.11,18.47,19.07,16.97,17.99,21.05,22.56,37.16
IFF UN Equity,44.02,42.35,54.93,72.3,86.71,104.22,104.64,138.09,124.15,122.04,105.77,149.71
J UN Equity,43.81,38.77,40.68,60.19,42.7,40.08,54.46,63.71,56.97,88.31,108.05,138.96
GNRC UN Equity,10.65,18.47,30.12,56.64,46.76,29.77,40.74,49.52,49.7,100.59,227.41,351.92
NXPI UW Equity,19.98,14.67,25.17,43.84,72.93,80.42,93.56,111.77,70.36,123.64,156.53,226.7
K UN Equity,35.5,36.28,41.42,46.64,51.47,58.58,61.36,58.34,50.57,63.75,59.43,63.85
BR UN Equity,17.3,18.31,19.13,33.94,40.58,48.26,60.74,84.48,91.12,119.0,150.27,182.01
KMB UN Equity,41.54,50.53,60.19,76.99,91.58,104.18,96.17,104.86,102.7,127.94,129.16,141.64
KIM UN Equity,10.79,10.14,12.56,13.38,17.72,19.39,19.13,14.6,12.67,18.97,14.43,24.45
LLY UN Equity,25.01,31.3,38.89,41.72,58.31,73.12,65.54,77.23,108.46,125.97,165.07,274.15
CHTR UW Equity,43.07,62.97,84.32,151.25,184.27,202.5,287.92,335.96,284.97,485.08,661.55,651.97
LNC UN Equity,22.06,15.53,21.01,42.46,48.04,42.49,57.37,67.69,46.04,54.31,48.29,67.36
L UN Equity,36.51,35.55,38.72,46.09,40.38,37.14,45.57,48.94,44.76,51.87,44.77,57.7
IEX UN Equity,33.25,32.07,41.01,66.15,70.77,70.79,84.6,125.66,121.69,167.86,196.77,235.76
MMC UN Equity,21.47,25.58,28.66,41.22,49.85,49.33,61.43,75.38,75.28,107.15,114.49,172.68
MAS UN Equity,9.35,7.95,12.94,17.97,20.18,26.16,29.6,41.6,28.0,46.56,53.9,69.86
SPGI UN Equity,29.72,37.62,48.95,71.42,82.46,92.56,102.33,163.03,165.27,268.17,325.55,471.02
VTRS UW Equity,20.48,20.8,26.63,42.06,54.63,52.4,36.97,41.01,26.56,19.48,18.16,13.42
CVS UN Equity,27.23,32.38,38.95,58.57,79.99,82.31,67.64,63.74,59.26,69.49,65.92,102.08
MSI UN Equity,30.34,38.2,46.83,57.86,58.67,61.2,75.83,84.5,109.55,155.76,167.22,270.73
CBOE UF Equity,18.73,21.57,25.68,46.44,57.51,59.7,68.88,117.47,93.29,115.83,91.31,129.87
LH UN Equity,87.92,85.97,86.62,91.37,107.9,123.64,128.38,159.51,126.36,169.17,203.55,314.21
NEM UN Equity,49.06,48.74,38.78,19.97,16.54,15.83,30.08,33.37,31.31,40.87,57.34,61.58
NI UN Equity,4.77,6.74,7.32,9.99,13.25,15.96,18.62,22.21,22.64,25.59,21.78,27.18
NSC UN Equity,48.53,57.63,50.29,77.52,93.6,74.13,97.46,133.38,140.34,185.8,231.81,295.0
ES UN Equity,22.27,26.01,29.21,32.84,42.89,42.34,47.32,55.82,59.4,79.88,83.43,90.26
NOC UN Equity,46.41,47.76,57.11,99.61,130.88,170.76,213.79,286.23,231.99,331.02,298.18,385.53
WFC UN Equity,22.57,20.42,26.0,35.54,44.11,44.92,47.01,53.22,41.6,50.52,29.48,47.51
NUE UN Equity,31.23,29.27,33.12,42.23,39.94,33.98,51.71,56.68,47.41,53.02,52.08,113.77
OXY UN Equity,64.46,62.77,52.66,67.28,61.27,53.52,58.78,63.77,55.45,39.76,17.24,28.92
OMC UN Equity,32.72,32.59,37.41,57.12,61.06,61.29,70.73,62.3,64.75,74.06,59.56,72.59
OKE UN Equity,13.09,21.11,21.43,32.07,30.36,15.96,39.85,39.01,41.45,61.25,34.64,57.04
RJF UN Equity,18.54,17.85,22.54,30.92,34.36,35.23,42.74,55.55,46.86,57.54,62.55,99.75
PH UN Equity,70.01,62.96,71.61,110.23,112.42,86.48,127.63,184.95,140.57,197.85,266.67,315.49
ROL UN Equity,4.94,5.64,5.7,7.98,8.87,10.58,14.04,19.61,23.11,21.51,38.38,34.0
PPL UN Equity,14.0,16.46,16.84,18.59,23.45,24.89,25.92,24.57,23.83,31.79,26.43,29.83
COP UN Equity,35.56,39.46,43.09,54.76,55.59,39.47,43.46,48.66,56.26,59.99,38.37,71.6
PHM UN Equity,6.64,5.57,16.04,18.15,19.34,16.33,17.17,31.5,24.96,37.77,42.51,56.98
PNW UN Equity,26.52,32.35,35.7,38.5,51.8,50.75,63.63,71.69,74.25,80.98,74.76,68.95
PNC UN Equity,45.09,43.7,45.3,61.81,74.36,79.42,99.92,125.85,104.48,147.22,143.13,197.79
PPG UN Equity,34.53,35.21,58.35,83.03,102.55,88.83,86.52,108.36,96.44,128.08,140.98,170.98
PGR UN Equity,13.33,13.35,15.41,20.17,21.24,25.71,29.54,47.73,52.21,65.34,92.44,102.46
PEG UN Equity,20.69,22.4,21.75,23.8,31.99,31.08,36.61,44.58,46.66,54.64,55.93,66.19
RHI UN Equity,24.7,23.47,26.8,36.0,50.83,41.63,44.03,51.14,53.61,60.45,61.27,111.1
EIX UN Equity,26.44,29.32,32.96,34.76,50.42,46.93,58.63,53.08,49.55,68.18,59.48,67.56
SLB UN Equity,62.98,52.18,53.74,70.98,68.4,57.24,70.71,58.43,32.33,38.07,21.39,29.86
SCHW UN Equity,14.88,9.95,12.93,23.69,27.76,30.52,36.93,48.44,39.51,45.98,52.21,83.66
SHW UN Equity,24.74,26.85,46.84,56.52,81.87,81.58,85.49,131.75,127.49,190.85,242.48,351.34
WST UN Equity,18.8,17.61,25.82,46.79,51.25,58.44,82.91,97.02,96.94,149.42,282.47,468.56
SNA UN Equity,44.93,41.14,65.58,92.5,117.28,149.08,151.36,156.87,133.55,159.64,166.08,213.96
AME UN Equity,24.32,26.25,35.35,49.83,50.11,51.36,46.93,70.39,66.24,98.21,120.0,146.79
SO UN Equity,22.72,28.84,27.81,27.94,35.0,34.97,38.43,39.36,37.88,57.45,57.81,67.26
TFC UN Equity,18.47,18.12,21.49,28.54,30.5,30.47,39.13,42.52,38.17,51.36,45.63,57.53
LUV UN Equity,12.06,7.97,9.56,17.75,40.17,41.15,48.06,63.63,45.68,53.77,46.61,42.84
WRB UN Equity,9.68,12.27,13.95,16.19,19.69,21.22,26.47,29.17,30.91,44.45,43.05,54.85
SWK UN Equity,52.97,54.86,61.64,68.91,83.96,95.24,104.43,157.16,112.95,159.45,174.96,187.7
PSA UN Equity,69.75,95.39,106.15,113.98,144.57,200.08,186.32,180.93,182.05,198.37,223.54,372.48
SYY UN Equity,21.08,21.82,24.41,29.03,32.91,34.81,48.31,54.33,57.31,80.03,71.7,77.65
TXT UN Equity,23.08,18.12,24.38,36.24,41.6,41.58,48.16,56.22,45.75,44.44,48.26,77.18
TMO UN Equity,52.98,43.04,61.62,108.32,122.47,139.31,139.15,187.88,222.1,323.26,464.59,666.87
GL UN Equity,23.87,26.29,31.68,48.53,50.94,54.14,70.53,87.41,72.35,102.98,93.79,93.34
JCI UN Equity,14.77,17.01,22.12,31.63,34.37,25.5,36.14,34.29,27.48,38.73,45.58,80.87
UNP UN Equity,36.5,42.59,51.63,70.36,101.63,68.26,92.82,122.8,129.26,172.83,203.31,250.7
UNH UN Equity,30.42,43.25,46.97,66.24,90.39,106.91,147.97,206.92,236.97,284.37,344.8,500.66
MRO UN Equity,18.34,24.4,26.16,30.74,25.21,11.56,16.18,16.05,13.74,13.21,6.55,16.37
BIO UN Equity,103.85,96.04,105.05,123.61,120.56,138.66,182.28,238.67,232.22,370.03,582.94,755.57
VTR UN Equity,27.24,29.89,36.56,33.77,44.21,41.75,48.48,48.82,50.51,52.24,47.11,50.75
VFC UN Equity,15.62,23.58,28.61,48.17,58.86,49.86,43.82,62.57,61.74,93.69,82.45,72.52
VNO UN Equity,38.35,36.52,39.87,45.72,62.36,59.93,64.28,61.39,50.49,58.03,34.56,40.71
VMC UN Equity,40.72,36.86,48.8,55.75,61.89,89.81,119.19,123.27,95.8,140.96,146.81,207.13
WY UN Equity,12.48,12.68,19.42,22.64,26.57,23.09,24.14,29.36,18.95,27.58,31.18,39.57
WHR UN Equity,66.09,36.36,80.08,125.78,158.28,122.35,155.0,147.43,96.57,137.93,174.51,232.55
WMB UN Equity,11.08,15.2,19.18,23.55,28.58,17.39,22.82,23.28,17.72,20.23,18.57,25.7
WEC UN Equity,20.29,24.93,27.16,31.53,41.64,41.97,49.59,58.08,62.65,85.86,88.0,95.61
AES UN Equity,9.1,8.84,8.02,11.02,10.61,7.61,9.62,9.36,13.02,18.5,22.6,23.95
AMGN UW Equity,42.09,49.74,68.16,91.81,130.58,135.75,125.49,153.44,176.81,225.61,221.12,223.06
AAPL UW Equity,9.85,12.37,16.42,17.72,24.92,24.16,27.18,40.35,38.18,72.14,131.52,177.08
CMCSA UW Equity,8.86,9.78,15.73,22.25,25.16,24.89,31.11,36.54,31.89,42.75,50.93,49.8
TAP UN Equity,38.73,34.59,35.05,47.2,64.05,82.46,86.89,74.64,52.33,52.1,44.19,46.01
KLAC UW Equity,23.23,29.84,30.45,42.32,59.01,60.21,70.42,96.33,84.3,171.96,254.41,427.52
PCAR UW Equity,38.72,26.11,32.68,44.1,52.17,38.03,52.62,60.42,51.17,74.21,82.93,87.59
FRC UN Equity,26.77,28.14,30.41,48.97,49.3,63.11,88.82,84.1,85.0,115.74,145.8,205.88
SYK UN Equity,46.25,43.42,48.68,67.8,86.39,86.4,112.91,147.73,151.33,204.79,242.0,266.74
TSN UN Equity,14.54,17.58,16.77,29.16,35.23,47.34,55.32,73.79,49.57,86.21,62.63,86.73
CAH UN Equity,28.1,30.38,31.54,52.37,64.43,72.51,59.8,52.24,39.44,46.56,51.26,51.05
CERN UW Equity,22.91,29.63,37.55,53.92,62.55,58.21,45.82,65.19,50.73,71.54,77.34,92.6
CINF UW Equity,21.64,21.96,29.48,40.82,41.89,49.86,65.59,67.12,71.32,99.04,85.03,113.33
DHI UN Equity,10.53,11.28,17.99,20.3,23.21,29.68,25.62,48.44,33.29,51.37,67.93,107.82
EA UW Equity,16.26,20.44,14.42,22.77,46.66,68.2,78.16,104.26,78.31,106.69,142.7,131.72
EXPD UW Equity,47.12,35.73,35.02,39.76,40.65,41.72,49.77,61.68,65.7,76.32,94.24,134.29
FAST UW Equity,11.19,16.62,18.31,18.94,19.38,17.09,20.26,24.24,23.85,34.6,47.27,63.36
MTB UN Equity,64.44,58.54,77.98,94.59,104.45,103.1,136.26,151.73,129.6,157.66,122.73,152.52
FISV UW Equity,14.64,14.69,19.76,29.53,35.49,45.73,53.14,65.57,73.49,115.63,113.86,103.79
FITB UW Equity,10.64,9.43,11.55,16.41,16.28,16.49,22.73,26.14,20.83,28.16,26.63,43.27
GILD UW Equity,14.44,16.31,29.28,59.91,75.14,81.62,59.1,60.85,54.81,59.13,55.17,71.7
HAS UW Equity,33.76,23.45,27.7,43.5,44.88,56.42,66.79,79.87,73.32,97.81,89.57,100.23
HBAN UW Equity,4.84,3.94,4.71,7.28,8.1,8.71,10.71,12.1,10.25,13.51,12.01,15.27
WELL UN Equity,27.83,33.7,39.85,36.49,54.21,51.06,52.79,52.91,61.01,75.06,62.16,85.15
BIIB UW Equity,61.76,101.37,135.1,257.68,312.67,282.18,261.21,318.57,300.92,296.73,244.86,239.92
NTRS UW Equity,42.52,31.25,40.58,51.18,56.86,62.03,78.22,89.32,76.2,99.51,90.26,118.83
PKG UN Equity,18.61,18.74,29.49,49.94,62.98,52.56,73.1,106.36,75.68,104.7,133.18,135.24
ROP UN Equity,71.5,81.72,105.62,131.91,149.57,182.67,177.4,252.6,261.48,349.5,427.74,490.58
IDXX UW Equity,34.61,38.48,46.4,53.19,74.14,72.92,117.27,156.38,186.02,261.13,499.87,658.46
SBUX UW Equity,13.23,19.23,22.74,33.69,35.79,53.05,49.8,52.47,60.2,83.73,103.98,115.57
KEY UN Equity,6.51,5.74,6.42,10.44,11.01,10.67,15.17,17.1,12.89,18.4,15.73,22.95
STT UN Equity,36.11,31.99,38.13,60.48,65.74,56.61,67.83,86.71,57.26,74.06,70.53,92.42
USB UN Equity,19.97,20.43,24.71,32.02,36.43,35.41,43.7,46.59,40.83,54.56,44.82,55.72
AOS UN Equity,8.08,8.63,13.77,23.83,25.23,34.65,43.34,56.68,40.05,45.51,53.46,85.15
NLOK UW Equity,6.51,6.09,7.32,9.35,10.44,8.78,12.64,15.0,10.24,14.04,20.27,25.86
TROW UW Equity,45.89,41.38,49.13,64.49,67.52,59.24,64.26,92.14,83.16,112.77,144.48,194.91
WM UN Equity,27.09,25.0,26.91,37.09,43.86,46.98,64.08,79.75,84.0,109.57,115.56,166.2
XRAY UW Equity,31.75,32.71,37.24,45.84,50.65,58.16,55.46,63.6,36.25,55.52,51.85,55.65
ZION UW Equity,20.72,13.95,18.37,25.84,24.73,23.86,38.0,45.32,37.05,48.53,42.14,62.84
ALK UN Equity,12.74,16.88,19.37,33.18,54.64,74.44,83.37,70.11,59.21,67.37,52.0,52.1
IVZ UN Equity,15.78,13.47,17.98,25.76,28.71,25.02,23.56,29.38,14.09,16.19,16.68,22.62
MS UN Equity,21.87,12.27,15.7,25.96,32.47,27.03,36.78,46.57,35.97,47.73,65.9,96.65
MCHP UW Equity,12.96,14.29,13.27,18.89,19.65,20.89,29.59,41.27,34.37,50.88,68.05,86.75
CB UN Equity,48.41,55.43,65.17,85.93,98.35,102.53,118.51,133.7,120.82,148.53,150.63,192.58
HOLX UW Equity,18.82,17.51,20.03,22.35,26.74,38.69,40.12,42.75,41.1,52.21,72.83,76.56
ORLY UW Equity,60.42,79.95,89.42,128.71,192.62,253.42,278.41,240.54,344.33,438.26,452.57,706.23
ALL UN Equity,24.99,22.15,33.27,46.11,60.52,54.5,66.34,95.29,76.69,106.46,106.33,116.82
EQR UN Equity,30.97,34.98,35.83,33.94,48.52,56.74,54.16,55.34,59.26,74.77,57.11,89.86
BWA UN Equity,31.96,28.16,31.64,49.64,49.22,39.12,36.25,47.58,32.84,41.75,37.92,44.89
INCY UW Equity,16.56,15.01,16.61,50.63,73.11,108.45,100.27,94.71,63.59,87.32,86.98,73.4
SPG UN Equity,59.68,79.71,100.45,99.53,130.6,143.94,136.03,137.36,140.87,131.37,80.61,157.76
EMN UN Equity,31.69,30.16,53.6,64.65,61.84,56.32,64.44,81.37,65.83,73.74,97.17,120.04
AVB UN Equity,78.93,94.27,100.69,90.81,129.62,150.38,149.11,154.91,156.46,194.16,154.8,251.04
PRU UN Equity,39.22,34.47,37.88,67.11,67.54,62.57,82.91,94.23,69.29,83.22,73.74,107.16
UPS UN Equity,51.7,53.68,55.75,81.69,88.77,79.07,97.03,103.96,87.87,109.17,162.27,210.98
STE UN Equity,30.93,25.83,30.76,43.35,59.49,70.11,63.7,83.91,103.77,149.52,187.64,242.94
MCK UN Equity,64.0,71.55,89.86,150.66,194.74,185.95,133.32,149.25,106.86,135.41,172.05,248.15
LMT UN Equity,48.78,58.88,70.37,118.31,158.25,183.86,217.64,286.78,239.9,365.96,342.2,352.98
ABC UN Equity,28.56,31.5,37.15,61.43,79.84,92.92,71.25,85.15,70.19,81.76,95.68,132.06
COF UN Equity,35.75,35.67,49.05,65.82,72.05,64.19,79.44,92.39,71.36,98.92,96.29,143.78
WAT UN Equity,77.71,74.05,87.12,100.0,112.72,134.58,134.39,193.19,188.65,233.65,247.42,372.6
DPZ UN Equity,13.41,28.55,39.57,64.13,87.8,104.94,151.83,181.93,240.82,288.09,379.21,562.72
NVR UN Equity,691.02,686.0,920.0,1026.01,1275.33,1643.0,1669.0,3508.22,2436.99,3808.41,4079.86,5908.87
CTXS UW Equity,52.22,46.35,50.19,48.28,48.7,57.75,68.18,84.36,98.54,108.17,128.28,94.59
ODFL UW Equity,13.95,17.67,22.42,34.67,50.77,38.63,56.1,86.36,81.36,125.59,194.43,358.04
DVA UN Equity,34.75,37.91,55.27,63.37,75.74,69.71,64.2,72.25,51.46,75.03,117.4,113.76
HIG UN Equity,21.02,13.14,18.53,30.41,35.62,37.8,42.27,50.82,41.05,57.35,47.61,68.66
IRM UN Equity,10.73,13.61,15.93,16.14,23.91,17.77,22.65,27.99,25.75,27.27,27.53,51.69
EL UN Equity,35.74,50.22,54.19,68.93,70.54,82.53,72.71,122.65,126.79,203.29,263.82,369.44
CDNS UW Equity,8.26,10.4,13.51,14.02,18.97,20.81,25.22,41.82,43.48,69.36,136.43,186.35
TYL UN Equity,20.76,30.11,48.44,102.13,109.44,174.32,142.77,177.05,185.82,300.02,436.52,537.95
UHS UN Equity,41.29,37.12,46.82,78.92,108.38,116.77,104.3,111.52,115.05,142.23,136.53,129.48
SWKS UW Equity,25.61,14.51,18.16,25.54,65.48,69.83,68.98,88.77,63.64,117.17,150.4,154.5
DGX UN Equity,43.63,47.29,48.0,45.01,57.63,62.46,82.38,89.92,77.48,101.59,115.93,171.41
ATVI UW Equity,11.18,11.24,9.83,16.72,19.07,37.02,34.81,61.42,45.41,58.4,91.86,66.14
ROK UN Equity,56.22,58.76,68.88,99.0,95.13,89.86,120.83,179.87,140.68,193.93,244.69,345.53
AMT UN Equity,42.65,49.86,65.04,68.16,85.72,85.72,95.34,131.29,148.79,220.0,218.94,290.95
REGN UW Equity,32.83,55.43,171.07,275.24,410.25,542.87,367.09,375.96,373.5,375.48,483.11,631.52
AMZN UW Equity,180.0,173.1,251.14,398.79,310.35,675.89,749.87,1169.47,1501.97,1847.84,3256.93,3334.34
JKHY UW Equity,25.26,29.52,34.93,53.46,56.95,72.6,83.66,111.55,122.02,142.08,159.66,166.55
RL UN Equity,93.09,116.57,127.75,151.93,161.07,98.58,81.61,95.92,97.66,113.35,101.3,118.18
BXP UN Equity,59.67,70.49,76.53,76.11,103.19,105.41,106.18,112.45,100.24,126.38,90.58,114.33
APH UN Equity,12.01,10.34,14.84,20.62,25.11,24.61,31.96,42.12,39.25,52.95,64.64,87.23
PXD UN Equity,78.77,81.26,96.87,167.38,135.41,114.13,163.99,157.49,120.06,139.36,107.52,178.84
VLO UN Equity,14.19,13.08,21.73,35.87,35.96,52.79,53.14,74.39,62.69,81.66,52.52,73.66
CHRW UW Equity,62.15,54.99,50.92,48.17,63.28,53.69,64.95,80.91,77.97,74.3,91.35,107.05
TDG UN Equity,37.2,49.43,77.17,105.57,147.64,171.78,204.63,245.24,303.68,560.0,618.85,636.28
YUM UN Equity,28.42,34.89,39.99,46.46,45.69,46.83,57.8,75.77,86.84,96.75,106.28,138.22
PLD UN Equity,22.54,21.09,27.81,29.01,34.89,36.14,46.03,57.97,54.35,84.71,97.2,167.5
FE UN Equity,22.16,27.94,27.64,23.06,28.49,24.16,24.63,25.52,32.62,43.76,28.8,40.84
VRSN UW Equity,30.19,35.72,38.82,59.78,57.0,87.36,76.07,114.44,148.29,192.68,216.4,253.82
PWR UN Equity,19.66,21.25,26.93,31.14,28.01,19.98,34.39,38.59,29.74,40.4,71.8,114.53
HSIC UW Equity,24.06,25.25,31.54,44.79,53.37,62.0,59.46,54.78,61.55,66.72,66.86,77.53
AEE UN Equity,18.69,23.15,22.58,27.84,36.96,36.1,45.37,52.6,59.95,72.43,75.52,88.42
ANSS UW Equity,52.07,57.28,67.34,87.2,82.0,92.5,92.49,147.59,142.94,257.41,363.8,401.12
SEE UN Equity,20.93,14.51,15.25,30.25,38.25,40.65,41.87,46.17,33.15,38.49,45.03,67.26
CTSH UW Equity,34.56,30.32,34.91,47.61,49.66,56.6,52.84,67.41,60.89,60.24,80.68,88.45
SIVB UW Equity,53.05,47.69,55.97,104.86,116.07,118.9,171.66,233.77,189.92,251.04,387.83,678.24
ISRG UW Equity,28.64,51.45,54.49,42.68,58.77,60.68,70.46,121.65,159.64,197.05,272.7,359.3
TTWO UW Equity,12.24,13.55,11.01,17.37,28.03,34.84,49.29,109.78,102.94,122.43,207.79,177.72
RSG UN Equity,22.81,21.67,23.83,27.78,34.66,38.96,51.76,62.61,68.15,86.29,94.52,138.97
EBAY UW Equity,11.2,12.21,20.54,22.1,22.59,26.28,28.4,36.1,26.85,35.06,49.49,66.23
GS UN Equity,140.97,76.69,109.97,154.83,171.53,161.6,218.04,234.9,156.15,219.36,257.64,380.31
SBAC UW Equity,40.16,42.15,69.68,88.14,108.66,103.08,101.3,160.27,158.82,237.12,279.35,388.17
SRE UN Equity,36.85,40.08,53.64,69.94,89.03,77.32,85.16,93.19,97.37,140.22,122.3,131.33
MCO UN Equity,23.09,29.78,45.21,71.53,88.46,93.85,89.57,142.0,136.17,233.21,287.46,389.72
BKNG UW Equity,399.55,467.71,621.2,1162.4,1140.21,1274.95,1466.06,1737.74,1722.42,2053.73,2227.27,2399.23
FFIV UW Equity,130.16,106.12,97.15,90.86,130.47,96.96,144.72,131.22,162.03,139.65,175.94,244.71
AKAM UW Equity,47.05,32.28,40.91,47.18,62.96,52.63,66.68,65.04,61.08,86.38,104.99,117.04
CRL UN Equity,35.54,27.33,37.47,53.04,63.64,80.39,76.19,109.45,113.18,152.76,249.86,376.78
MKTX UW Equity,17.98,26.41,32.7,62.63,67.9,106.61,141.47,195.62,206.64,373.32,564.76,409.39
DVN UN Equity,60.9,48.55,41.3,49.84,50.02,26.7,38.68,35.3,19.38,22.64,14.64,43.32
TECH UW Equity,58.01,61.22,62.33,87.78,86.85,85.74,99.26,126.46,142.4,217.4,316.08,516.48
GOOGL UW Equity,297.27,323.26,355.03,560.9,530.66,778.01,792.45,1053.4,1044.96,1339.39,1752.64,2897.04
TFX UN Equity,47.72,55.66,66.18,88.56,109.73,126.97,157.02,244.02,254.88,372.78,409.14,327.74
NFLX UW Equity,25.1,9.9,13.25,52.6,48.8,114.38,123.8,191.96,267.66,323.57,540.73,602.44
TRMB UW Equity,19.97,21.7,29.89,34.7,26.54,21.45,30.15,40.64,32.91,41.69,66.77,87.19
ANTM UN Equity,47.91,56.65,53.08,82.08,113.44,128.04,134.63,213.69,252.39,293.61,316.35,462.24
CME UW Equity,40.56,31.38,34.98,57.32,67.83,73.02,97.8,129.43,171.03,187.57,175.67,227.43
JNPR UN Equity,30.81,17.03,16.41,18.83,18.79,23.59,24.55,25.11,24.33,22.96,21.73,35.49
BLK UN Equity,142.28,137.14,164.35,258.07,298.57,291.54,334.22,461.88,362.11,477.5,702.91,909.5
DTE UN Equity,25.75,32.43,37.27,42.85,57.76,55.63,70.62,80.92,84.33,102.36,99.44,118.71
CE UN Equity,34.06,36.8,37.26,46.76,51.52,58.89,70.32,97.41,83.47,116.74,126.37,166.5
NDAQ UW Equity,19.96,20.64,21.42,34.62,42.31,52.21,61.35,71.63,77.5,103.76,130.73,209.34
PM UN Equity,34.31,47.96,53.04,57.55,56.33,63.87,69.34,83.1,55.43,74.85,77.61,93.73
MET UN Equity,27.81,19.94,21.52,36.04,37.11,34.04,39.43,42.76,36.02,46.41,44.82,61.6
TPR UN Equity,40.58,45.41,42.05,43.55,30.16,27.34,30.29,39.52,31.07,26.1,30.5,40.35
EW UN Equity,13.47,11.78,15.03,10.96,21.23,26.33,31.23,37.57,51.06,77.76,91.23,129.55
AMP UN Equity,43.98,38.57,49.95,94.06,110.27,90.59,97.61,152.67,96.45,158.13,189.47,299.2
ZBRA UW Equity,37.99,35.78,39.28,54.08,77.41,69.65,85.76,103.8,159.23,255.44,384.33,595.2
ZBH UN Equity,47.75,47.52,59.96,84.66,103.93,94.79,96.17,113.35,98.27,142.86,148.24,123.01
CPT UN Equity,34.94,41.68,47.27,41.01,55.3,59.69,71.22,80.72,79.93,99.27,97.01,177.7
CBRE UN Equity,20.48,15.22,19.9,26.3,34.25,34.58,31.49,43.31,40.04,61.29,62.72,108.51
MA UN Equity,21.09,35.17,46.46,79.29,82.24,93.6,100.07,147.78,185.19,294.74,354.24,358.35
ICE UN Equity,21.45,21.7,22.29,40.62,40.11,47.45,52.9,66.98,72.41,90.13,113.7,136.37
FIS UN Equity,23.28,22.76,30.53,48.03,56.6,56.04,70.97,89.45,98.68,135.37,139.04,108.59
CMG UN Equity,212.66,337.74,297.46,532.78,684.51,479.85,377.32,289.03,431.79,837.11,1386.71,1748.25
WYNN UW Equity,73.96,82.91,91.73,165.95,131.29,62.67,80.15,158.77,94.98,137.71,112.83,85.04
LYV UN Equity,11.42,8.31,9.31,19.76,26.11,24.57,26.6,42.57,49.25,71.47,73.48,119.69
AIZ UN Equity,30.62,33.26,28.75,56.02,58.7,70.4,83.21,92.35,83.87,125.62,133.28,155.21
NRG UN Equity,16.1,14.93,19.11,24.27,23.19,10.43,11.1,25.94,36.22,36.46,35.68,42.3
MNST UW Equity,8.71,15.36,17.63,22.59,36.12,49.65,44.34,63.29,49.22,63.55,92.48,96.04
RF UN Equity,5.39,3.34,5.56,7.81,8.49,7.9,12.12,14.9,11.83,15.78,15.52,21.63
MOS UN Equity,63.83,42.27,48.06,40.85,40.29,25.0,27.67,24.8,28.33,21.17,22.77,39.2
EXPE UW Equity,21.4,26.6,57.36,65.66,81.11,119.04,109.45,116.75,110.96,107.74,132.4,180.72
CF UN Equity,20.55,22.19,31.35,36.34,43.37,33.18,26.79,37.58,39.5,44.53,37.51,70.22
LDOS UN Equity,23.28,18.04,17.14,28.35,27.43,36.76,46.66,60.26,50.18,94.76,103.24,88.59
DFS UN Equity,15.08,19.76,32.12,47.18,56.11,46.83,64.35,70.09,54.81,80.53,88.69,115.11
V UN Equity,16.22,23.58,35.48,52.53,62.32,74.25,75.27,110.78,129.04,184.96,216.63,215.95
MAA UN Equity,41.86,42.91,46.28,45.29,58.15,73.53,82.06,87.21,86.28,122.97,122.18,227.09
TSCO UW Equity,21.37,31.13,39.53,69.98,71.76,78.51,70.41,70.64,80.07,90.9,138.47,237.58
RMD UN Equity,29.72,21.79,35.97,41.45,50.42,49.27,58.14,80.85,110.26,151.99,210.25,259.47
MTD UN Equity,151.21,147.71,193.3,242.59,302.46,339.13,418.56,619.52,565.58,793.28,1139.68,1697.21
FTNT UW Equity,16.18,21.81,21.07,19.13,30.66,31.17,30.12,43.69,70.43,106.76,148.53,359.4
ALB UN Equity,47.1,44.05,53.84,55.76,53.8,51.28,80.08,120.3,73.51,71.1,146.03,233.29
ESS UN Equity,81.96,104.12,111.93,113.14,167.46,199.06,198.89,212.45,222.71,280.43,229.7,350.06
O UN Equity,19.81,21.3,25.63,25.04,33.65,38.15,44.16,45.79,53.09,64.38,56.91,70.58
WAB UN Equity,25.2,33.37,41.85,71.18,83.48,68.54,80.41,79.32,68.8,76.69,72.68,91.96
POOL UW Equity,19.44,26.51,37.89,52.8,58.45,75.47,98.77,124.23,144.07,208.19,368.4,563.56
CHD UN Equity,14.46,19.5,23.26,29.3,35.48,38.83,41.05,47.34,63.07,68.34,85.75,101.95
DRE UN Equity,8.09,8.26,9.98,11.28,15.74,17.12,22.33,24.25,23.77,32.71,38.7,64.95
FRT UN Equity,54.63,65.67,77.39,77.67,105.02,117.98,117.72,113.5,104.31,117.36,81.38,135.07
MGM UN Equity,14.03,9.86,11.0,22.22,20.2,21.47,27.24,32.0,23.63,33.01,31.5,44.88
PTC UW Equity,22.53,18.26,22.51,35.39,36.65,34.63,46.27,60.77,82.9,74.89,119.61,121.15
JBHT UW Equity,36.53,40.82,54.77,71.33,78.56,69.11,92.46,110.58,90.22,114.38,135.09,203.5
MHK UN Equity,56.76,59.85,90.47,148.9,155.36,189.39,199.68,275.9,116.96,136.38,140.95,182.18
PNR UN Equity,19.74,18.39,27.74,44.58,38.71,29.49,34.21,44.02,35.72,44.18,52.08,72.52
VRTX UW Equity,35.03,33.21,41.94,74.3,118.8,125.83,73.67,149.86,165.71,218.95,236.34,219.6
URI UN Equity,22.75,29.55,45.52,77.95,102.01,72.54,105.58,171.91,102.53,166.77,231.91,332.29
ARE UN Equity,52.09,50.35,52.12,49.78,72.08,75.9,96.35,116.54,106.08,152.8,173.08,221.69
ABMD UW Equity,9.61,18.47,13.46,26.74,38.06,90.28,112.68,187.41,325.04,170.59,324.2,359.17
DAL UN Equity,11.19,7.19,10.54,24.53,44.28,46.07,45.45,52.82,48.25,58.08,40.21,39.08
STX UW Equity,14.7,16.04,29.81,54.92,65.04,35.85,37.33,40.92,37.74,58.19,60.79,112.14
CNC UN Equity,6.34,9.9,10.25,14.74,25.96,32.91,28.26,50.44,57.65,62.87,60.03,82.4
MLM UN Equity,80.76,67.4,85.99,92.63,103.57,129.55,212.04,213.25,167.31,274.68,281.74,439.82
TSLA UW Equity,5.33,5.71,6.77,30.08,44.48,48.0,42.74,62.27,66.56,83.67,705.67,1056.78
DISH UW Equity,17.56,27.6,36.26,57.69,72.6,56.95,57.7,47.56,24.87,35.47,32.34,32.44
PENN UW Equity,7.95,8.61,11.1,14.33,13.73,16.02,13.79,31.33,18.83,25.56,86.37,51.85
RE UN Equity,66.09,67.03,89.35,128.69,143.42,157.64,190.92,199.38,200.83,261.41,227.34,272.36
TDY UN Equity,43.97,54.85,65.07,91.86,102.74,88.7,123.0,181.15,207.07,346.54,391.98,436.89
GPN UN Equity,22.62,23.23,22.25,31.97,39.76,63.59,68.46,98.91,101.8,180.44,213.85,134.92
CCI UN Equity,32.9,33.63,54.16,55.12,60.56,69.27,72.39,96.26,97.95,132.67,153.22,206.97
AAP UN Equity,62.9,66.46,69.28,106.28,153.21,145.0,163.18,96.39,152.51,155.36,153.96,238.15
ALGN UW Equity,19.54,23.73,27.75,57.15,55.91,65.85,96.13,222.19,209.43,279.04,534.38,657.18
ILMN UW Equity,63.34,30.48,55.59,110.62,184.58,191.95,128.04,218.49,299.93,331.74,370.0,380.44
LKQ UW Equity,11.25,14.89,20.89,32.58,27.85,29.34,30.35,40.27,23.5,35.35,34.9,59.7
DLR UN Equity,32.39,43.86,46.54,35.61,50.77,61.03,82.32,98.61,95.65,111.45,134.15,175.28
EQIX UW Equity,65.19,81.35,165.42,142.36,189.03,269.0,324.66,419.45,333.82,563.69,700.22,842.2
MOH UN Equity,18.57,22.33,27.06,34.75,53.53,60.13,54.26,76.68,116.22,135.69,212.68,318.08
LVS UN Equity,30.65,28.5,33.46,58.48,44.44,35.34,45.45,61.89,48.51,67.69,59.6,37.64
