ID,2010-12-31 00:00:00,2011-12-31 00:00:00,2012-12-31 00:00:00,2013-12-31 00:00:00,2014-12-31 00:00:00,2015-12-31 00:00:00,2016-12-31 00:00:00,2017-12-31 00:00:00,2018-12-31 00:00:00,2019-12-31 00:00:00,2020-12-31 00:00:00,2021-12-31 00:00:00
LYB UN Equity,-0.013982874999999995,-0.013982874999999995,-0.013982874999999995,-0.013982874999999995,0.03138,-0.077953,-0.067394,-0.038165,-0.044386999999999996,-0.044882,0.023376,0.10616199999999999
SBNY UW Equity,0.206489,0.174162,0.15517799999999998,0.156251,0.170113,0.18194500000000002,0.16713999999999998,0.167409,0.170281,0.142708,0.104642,0.126692
AXP UN Equity,0.042314,0.022317,0.0063360000000000005,0.042905,0.061125,0.022927,0.002822,0.034436,0.046483,0.051025,0.020735,0.080752
VZ UN Equity,0.08044499999999999,0.046957000000000006,0.047353,0.04739,0.041458,0.05350799999999999,0.026063999999999997,0.02477,0.019897,0.009362,0.0025440000000000003,0.010459000000000001
BA UN Equity,0.035501,0.021976,0.049965999999999997,0.134348,0.064069,0.073306,0.025798,0.021213000000000003,0.035672,-0.060484,-0.08277,-0.078071
CAT UN Equity,0.057955,0.09400800000000001,0.057689000000000004,0.021907999999999997,0.12518200000000002,-0.029432999999999997,-0.111012,-0.043113,-0.000835,-0.015946000000000002,0.00369,0.075832
JPM UN Equity,0.071897,-0.017712000000000002,-0.018871,0.0038540000000000002,-0.013718999999999999,-0.032134,0.013526,0.016693,0.051504,0.06710200000000001,0.040216,0.032917
CVX UN Equity,-0.002741,0.051835000000000006,-0.011523,0.03733,-0.024925000000000003,-0.119596,-0.127676,-0.08608700000000001,-0.04887,-0.029253,-0.011311,0.10024
KO UN Equity,0.135832,0.132279,0.093368,0.091502,0.076797,-0.009597,-0.031466,-0.062085999999999995,-0.066978,-0.035637,-0.029466000000000003,0.001166
DIS UN Equity,0.0445355,0.023843,0.0445355,0.0445355,0.0445355,0.0445355,0.06522800000000001,0.0445355,0.0445355,0.0445355,0.0445355,0.0445355
FLT UN Equity,0.21194388888888888,0.21194388888888888,0.21194388888888888,0.228636,0.31088699999999997,0.32222900000000004,0.297265,0.246607,0.20287500000000003,0.131572,0.07470399999999999,0.09272
EXR UN Equity,0.098744,0.123057,0.11925000000000001,0.150674,0.18490600000000001,0.252799,0.228681,0.199152,0.167106,0.152452,0.09382099999999999,0.10364699999999999
XOM UN Equity,0.011359,0.060406,-0.00369,0.060614,-0.010247,-0.109488,-0.1209,-0.084237,-0.070466,-0.036967,-0.026535000000000003,0.075893
GE UN Equity,0.0030259999999999996,-0.01554,-0.042735,-0.03206,-0.039738,-0.04338,-0.029500000000000002,-0.037891,-0.07606,-0.138876,-0.08479300000000001,-0.089629
MPWR UW Equity,0.076627,0.12450100000000001,0.046097,0.128622,0.102159,0.13056900000000002,0.169014,0.21835100000000002,0.19284300000000001,0.17107399999999998,0.21805,0.265642
IBM UN Equity,0.035053,0.023468,0.0030159999999999996,0.002791,-0.02402,-0.053369,-0.058872,-0.051108,-0.044943,-0.020173,-0.065965,-0.051712
JNJ UN Equity,0.028380000000000002,0.028380000000000002,0.028380000000000002,0.028380000000000002,0.028380000000000002,0.028380000000000002,0.028380000000000002,0.028380000000000002,0.028380000000000002,0.028380000000000002,0.028380000000000002,0.028380000000000002
MCD UN Equity,0.034901,0.046133,0.038569,0.049725,0.01929,0.004061,-0.024435,-0.051389,-0.061548,-0.037526000000000004,-0.034738000000000005,-0.000658
MRK UN Equity,0.159682,0.152583,0.1346,0.134128,0.007592,-0.033207,-0.038267,-0.023296,-0.005737,-0.169234,-0.05594299999999999,0.059763000000000004
MMM UN Equity,0.047291999999999994,0.041601,0.035455,0.065597,0.047451,0.016973000000000002,0.006681,0.015818000000000002,0.009744000000000001,0.009957,0.032968000000000004,0.03279
AWK UN Equity,0.040656300000000006,0.040656300000000006,0.042184,0.044328000000000006,0.041039000000000006,0.045849,0.046234000000000004,0.038127,0.037751,0.042935999999999995,0.033446,0.034669
BAC UN Equity,0.050892999999999994,-0.005175,-0.038306,0.001961,-0.07378,-0.044667000000000005,-0.052845,0.015076,0.027854999999999998,0.050187999999999997,-0.010652,0.005618
PFE UN Equity,0.06701800000000001,0.050730000000000004,0.012336,0.018905,-0.045266,-0.041401,-0.033295,-0.002722,0.006091,-0.044476,-0.036994,0.11834
PG UN Equity,0.030865,0.019681,0.010583,0.013169,-0.025335,-0.045476,-0.049650999999999994,-0.047397,-0.037398,-0.002773,0.031424,0.044476
T UN Equity,0.19426200000000002,0.153864,0.014276,0.013085,0.023198,0.060761,0.051806,0.050491,0.076725,0.063354,0.016413999999999998,-0.004257
TRV UN Equity,0.0048389999999999996,-0.002986,-0.00043200000000000004,0.030227,0.009931,0.010697000000000002,0.024503,0.028414000000000002,0.02963,0.035178,0.046877,0.046098999999999994
RTX UN Equity,0.057089,0.023717000000000002,0.022469000000000003,0.025589,0.012182,-0.007707,0.0038929999999999998,-0.009458,0.014884999999999999,-0.048322000000000004,0.028020999999999997,0.030608
INTC UW Equity,0.0540165,0.07453599999999999,0.0540165,0.0540165,0.0540165,0.0540165,0.033497,0.0540165,0.0540165,0.0540165,0.0540165,0.0540165
GM UN Equity,-0.005889000000000001,-0.005889000000000001,-0.005889000000000001,-0.005889000000000001,0.04151,0.01443,-0.012650999999999999,-0.008235,-0.010524,-0.048942,-0.010848,-0.011852
MSFT UW Equity,0.110078,0.107372,0.05564,0.080755,0.068316,0.048241,0.043385,0.061509999999999995,0.057788000000000006,0.068731,0.112716,0.149036
CI UN Equity,0.05097,0.052036,0.113002,0.110357,0.139284,0.121453,0.127747,0.069196,0.119564,0.338437,0.342222,0.35820399999999997
C UN Equity,-0.050206999999999995,-0.105867,-0.028116,0.057798999999999996,0.120035,-0.027188,-0.023801000000000003,-0.004838,0.021896,0.034301,-0.02247,-0.012771999999999999
AIG UN Equity,-0.07724,-0.11408099999999999,-0.014107000000000001,-0.051814181818181815,-0.037559999999999996,-0.054727,-0.044977,-0.059484,-0.063111,-0.051743,-0.06896,0.016034
MO UN Equity,-0.25327,-0.247276,0.037958,0.028162,0.023858,0.02701,0.017207,0.011139,0.016776,0.008063,0.013422,0.014490000000000001
UAA UN Equity,0.281018,0.244055,0.23674299999999998,0.306614,0.32138300000000003,0.311979,0.264889,0.22036,0.152786,0.099923,0.036981,0.032173
IP UN Equity,0.08607300000000001,0.036429,0.039077,-0.022299000000000003,-0.00114,-0.03579,-0.047188,-0.041929999999999995,0.003498,-0.015445,-0.039917,0.003417
ABT UN Equity,0.10511799999999999,0.107859,-0.048499999999999995,-0.085972,-0.094329,-0.122437,-0.124654,0.061462,0.088911,0.091928,0.155806,0.16547599999999998
AFL UN Equity,-0.007089714285714285,-0.007089714285714285,-0.007089714285714285,-0.007089714285714285,-0.007089714285714285,0.000981,-0.000804,-0.031793999999999996,-0.024437,0.003208,0.021398999999999998,-0.018181
APD UN Equity,0.034789,0.004692,0.012558,0.030044,0.03334,-0.048399,-0.041056,-0.028578000000000003,-0.026643,-0.025139,0.049406,0.097259
RCL UN Equity,0.092775,0.09012700000000001,0.039082,0.049495,0.046013,0.03461,0.014681,0.021055,0.046954,0.067285,-0.552487,-0.12450100000000001
HES UN Equity,0.049977,0.063475,-0.09571099999999999,-0.18084399999999998,-0.21681899999999998,-0.303721,-0.32262599999999997,-0.218859,-0.09527,-0.08024800000000001,-0.02168,0.100159
ADM UN Equity,0.17616099999999998,0.006673899999999998,0.006673899999999998,0.020777,0.047947,0.009277,-0.063196,-0.084011,-0.079598,-0.048108000000000005,0.017985,0.069505
ADP UW Equity,0.034504,0.06522800000000001,0.05028,0.025071,0.038994,0.031336,0.030494,0.033395,0.069685,0.066357,0.056552,0.061466
VRSK UW Equity,0.08816325000000001,0.08816325000000001,0.08816325000000001,0.08816325000000001,0.118857,0.102443,0.075571,0.079808,0.080563,0.07801999999999999,0.083622,0.08642200000000001
AVY UN Equity,0.012889999999999999,0.012889999999999999,0.012889999999999999,0.012889999999999999,0.012889999999999999,0.012889999999999999,0.012889999999999999,0.012889999999999999,0.012889999999999999,0.012889999999999999,0.012889999999999999,0.012889999999999999
MSCI UN Equity,0.1119297,0.1119297,0.19437100000000002,0.17134799999999997,0.16148900000000002,0.050492999999999996,0.053038999999999996,0.062635,0.088346,0.101194,0.10207700000000001,0.134305
BALL UN Equity,0.09093400000000001,0.052071,0.037801999999999995,0.028767,0.033031000000000005,-0.019837,0.041643999999999994,0.053762,0.07018200000000001,0.059937,0.11437900000000001,0.078663
BK UN Equity,0.148117,0.07708999999999999,-0.050238,0.020339999999999997,0.019509000000000002,-0.007411,0.013943,0.018624,0.061704999999999996,0.08567399999999999,0.0072109999999999995,0.009094999999999999
BAX UN Equity,0.07026,0.053997,0.04518,0.068858,-0.042753,-0.057393,-0.059477,-0.058662,-0.08295,0.017317,0.040921000000000006,0.05846199999999999
BDX UN Equity,0.057340999999999996,0.046833,0.021823000000000002,0.030552000000000003,0.013629,0.10143700000000001,0.09132,0.101414,0.156015,0.155506,0.12223200000000001,0.11319499999999999
BRK/B UN Equity,0.07349599999999999,0.07669,0.09783099999999999,0.138548,0.098416,0.075093,0.089101,0.056855,-0.09726900000000001,0.148958,0.148369,0.140705
BSX UN Equity,0.053874000000000005,-0.021960999999999998,-0.032851,-0.016948,-0.019193,-0.002409,0.034637,0.057473,0.068594,0.090121,0.06484,0.073735
BMY UN Equity,0.003639,0.060967,-0.026933,-0.004487,-0.03289,-0.034551,-0.00786,0.053901000000000004,0.061066,0.132864,0.20888,0.179809
CTRA UN Equity,-0.004223,0.09317600000000001,0.13785999999999998,0.15962199999999999,0.214909,0.047679,0.033802,0.016035999999999998,0.08001699999999999,-0.056784,0.10183400000000001,0.47704500000000005
LUMN UN Equity,0.226482,0.502483,0.474942,0.478473,0.193966,0.210522,-0.01616,0.030389,0.01591,0.036373,0.027450000000000002,0.024763
UDR UN Equity,-0.012180999999999999,-0.011876,0.074665,0.044798,0.069722,0.09289,0.073208,0.066784,0.067138,0.077832,0.049399,0.074592
CLX UN Equity,0.020738,0.020905999999999998,0.022413,0.014693000000000001,0.020537999999999997,0.026696,0.028618,0.013373,0.024045,0.015007,0.064911,0.037604
CMS UN Equity,-0.024695,-0.007483,-0.000478,-0.010490999999999999,0.017365,-0.021473,0.002457,0.012612000000000002,0.010492,-0.021869,0.027355,0.043899999999999995
CL UN Equity,0.064917,0.053883,0.033089,0.035432,0.006769,-0.004004,-0.022621000000000002,-0.019101,-0.026602,-0.009957,0.020908000000000003,0.034232
CMA UN Equity,-0.073738,-0.100672,-0.10880000000000001,-0.0538,-0.008812,0.018401,0.025238999999999998,0.055099,0.07164,0.068872,0.008432,0.003176
IPGP UW Equity,0.16726990000000005,0.16726990000000005,0.213705,0.233026,0.30741599999999997,0.172339,0.177928,0.20011600000000002,0.147542,0.081333,0.08524100000000001,0.054053000000000004
ED UN Equity,4.090909090909084e-05,0.019322,-0.021135,-0.008827,-0.028736,-0.02924,-0.014697,0.004103,0.005586,0.00848,0.01803,0.047564
GLW UN Equity,0.080221,0.066286,0.062881,0.125299,0.094297,0.047975000000000004,0.055834,0.042068,0.091837,0.032216,0.08469900000000001,0.082243
CMI UN Equity,0.08497,0.101631,0.040692000000000006,0.06890299999999999,0.08404600000000001,0.028612000000000002,-0.017597,0.049931,0.059524,0.018479000000000002,0.041124999999999995,0.053733
DHR UN Equity,0.09778700000000001,0.124316,0.09633599999999999,0.10641400000000001,0.107681,0.102713,-0.005678,-0.14488099999999998,-0.026516,-0.014008,0.028117999999999997,0.121904
D UN Equity,0.030238833333333336,0.030238833333333336,0.030238833333333336,0.030238833333333336,0.030238833333333336,0.030238833333333336,-0.0030220000000000004,0.0027010000000000003,0.010814999999999998,0.057654,0.06615700000000001,0.047127999999999996
DOV UN Equity,0.05547,0.024041,0.013462,0.006773,0.033669,-0.020086,-0.012248000000000002,-0.027413,0.002566,-0.00026700000000000004,0.009926,0.022711000000000002
DUK UN Equity,0.05766777777777778,0.05766777777777778,0.05766777777777778,0.06388200000000001,0.123175,0.042107,0.106129,0.003626,0.07446900000000001,0.018848,0.064119,0.022654999999999998
ETN UN Equity,0.053926,0.053895,0.051304999999999996,0.096497,0.121906,0.066624,0.038309,0.037671,-0.002473,-0.012038,-0.015081,-0.002852
ECL UN Equity,0.066565,0.077418,0.161662,0.19133,0.186625,0.16712700000000003,0.126808,0.036799,0.011047,-0.024936,-0.021203,0.000745
PKI UN Equity,0.022911,0.022911,0.022911,0.022911,0.022911,0.022911,0.022911,0.022911,0.022911,0.022911,0.022911,0.022911
EMR UN Equity,0.040062,0.010013000000000001,0.001193,0.006957,0.029633,-0.096251,-0.09539199999999999,-0.072282,-0.058509000000000005,-0.057687999999999996,0.045125,0.06820999999999999
EOG UN Equity,0.067007,0.230368,0.20479399999999998,0.251381,0.19852599999999998,0.023041,-0.024397000000000002,0.017828,0.029874,0.033857,0.097804,0.197259
AON UN Equity,0.061152,0.09741899999999999,0.09200699999999999,0.11998400000000001,0.097379,0.024796,-0.024115,-0.013590999999999999,-0.028994,-0.026462,-0.020468,0.030531000000000003
ETR UN Equity,-0.009163,0.000654,-0.022646000000000003,-0.021496,0.025313,-0.001948,0.0125,0.014946,-0.013701000000000001,-0.027542,-0.011288,0.005521000000000001
EFX UN Equity,0.059341,0.054993999999999994,0.016897,0.053118,0.074837,0.066902,0.094675,0.094523,0.076237,0.07717500000000001,0.109158,0.093593
IT UN Equity,0.057333999999999996,0.070704,0.067074,0.084357,0.121724,0.10984999999999999,0.104565,0.164014,0.158983,0.155587,0.11567500000000001,0.131855
FMC UN Equity,0.091901,0.091195,0.063068,-0.121228,0.042182000000000004,0.021011000000000002,-0.053994999999999994,0.013627,0.232477,0.061641,0.050811,0.154774
BRO UN Equity,0.033985,0.026045,0.068704,0.081358,0.12915100000000002,0.11970700000000001,0.12177400000000001,0.093883,0.081912,0.080526,0.096715,0.112378
F UN Equity,0.009739363636363635,-0.030053,-0.041284,0.053335,0.014226,0.04417,0.022549,0.029522,0.021533000000000004,0.020574,-0.022337,-0.005102
NEE UN Equity,0.015266,0.012963,-0.017315,-0.019372,0.049906,0.035787,-0.00869,0.034771,0.038751,-0.00328,0.015532999999999998,0.06407600000000001
BEN UN Equity,0.07553,0.035744,0.024430999999999998,0.168266,0.08428100000000001,0.0066949999999999996,-0.017159999999999998,-0.032105,-0.07721599999999999,-0.076157,0.025626000000000003,0.07339000000000001
FCX UN Equity,0.30332899999999996,0.204423,0.015254,0.232768,0.025754000000000003,-0.08898500000000001,0.010124,0.022375,-0.089427,-0.056646999999999996,0.050355,0.070871
DXCM UW Equity,0.5438266363636365,0.931089,0.852099,0.6622410000000001,0.517637,0.529313,0.5016539999999999,0.460124,0.455745,0.405766,0.34179299999999996,0.32463200000000003
GD UN Equity,0.083341,0.070252,0.014554000000000001,0.0049180000000000005,0.011483,-0.011418999999999999,-0.035012,0.004879,0.052194000000000004,0.051975,0.052346000000000004,0.061017
GPC UN Equity,0.031048,0.034583,0.034907,0.068975,0.09115500000000001,0.055701,0.046327,0.061681,0.055283,0.022864,0.029197,0.049075
ATO UN Equity,-0.130772,-0.07522000000000001,-0.090032,-0.062365000000000004,-0.0053300000000000005,-0.098506,-0.063663,-0.029754,-0.06734,-0.070031,0.062688,0.053576
GWW UN Equity,0.05606900000000001,0.072715,0.066719,0.08340299999999999,0.089751,0.06290899999999999,0.035335,0.034143,0.030533,0.025438000000000002,0.034832,0.063353
HAL UN Equity,-0.015105,0.032639,0.117715,0.092423,0.18929300000000002,-0.0030420000000000004,-0.106578,-0.040131,-0.049195,-0.09956899999999999,-0.086262,0.012421
LHX UN Equity,0.113168,0.172554,0.172554,0.172554,0.172554,0.172554,0.172554,0.172554,0.172554,0.172554,0.172554,0.23193999999999998
PEAK UN Equity,0.336757,0.208264,0.146281,0.124489,0.154336,0.08821,0.033343,-0.02506,-0.035805,-0.119769,-0.036657,-0.021962000000000002
HSY UN Equity,0.019531,0.032336000000000004,0.054615,0.07269,0.073893,0.051851,0.046844000000000004,0.020669,0.003215,0.0057150000000000005,0.027374,0.033767
AJG UN Equity,0.040689,0.077412,0.104262,0.16653300000000001,0.234082,0.237965,0.19081499999999998,0.17680800000000002,0.13236900000000001,0.066878,0.049987000000000004,0.07330300000000001
CNP UN Equity,-0.08165499999999999,-0.027347999999999997,-0.03852,-0.046701,0.006271,-0.031147,-0.00604,0.042926,0.068095,-0.031712,0.027782,0.021453000000000003
HUM UN Equity,0.17704999999999999,0.09874599999999999,0.08558299999999999,0.063507,0.100624,0.100535,0.072957,0.066542,0.0682,0.057382999999999997,0.073658,0.103309
ITW UN Equity,0.037727,0.034784999999999996,0.012561,-0.021106,-0.013869,-0.035008,-0.046792999999999994,0.008189,0.001459,-0.002006,0.011926,0.015958
TT UN Equity,0.063601,0.039406,0.047067,-0.033268,-0.0024809999999999997,-0.020733,-0.008581,0.04352,0.046796,-0.0035299999999999997,-0.008982,0.012231
IPG UN Equity,0.012375,0.020013,0.008022,0.022221,0.041483,0.018364000000000002,0.017868,0.046504000000000004,0.061143,0.056256,0.030324,0.053030999999999995
IFF UN Equity,0.064115,0.046121999999999996,0.042197,0.061093,0.052419,0.025863999999999998,0.034251000000000004,0.046603000000000006,0.109472,0.11169000000000001,0.12156800000000001,0.317839
J UN Equity,0.06955,0.0637155,0.0637155,0.0637155,0.0637155,0.0637155,0.0637155,0.0637155,0.0637155,0.0637155,0.0637155,0.057881
GNRC UN Equity,0.13595075,0.13595075,0.13595075,0.13595075,0.212807,0.173135,0.093232,0.075887,0.084106,0.079026,0.162923,0.20649
NXPI UW Equity,0.11720542857142856,0.11720542857142856,0.11720542857142856,0.11720542857142856,0.11720542857142856,0.08299200000000001,0.21251799999999998,0.170881,0.13196,0.084048,0.093155,0.04488400000000001
K UN Equity,0.0167605,0.031341,0.0167605,0.0167605,0.0167605,0.0167605,0.00218,0.0167605,0.0167605,0.0167605,0.0167605,0.0167605
BR UN Equity,0.0838444,0.0838444,0.007803,0.035393,0.016406,0.076324,0.13219,0.154782,0.128637,0.110107,0.105492,0.07131
KMB UN Equity,0.048292,0.037432,0.022076,0.012602,-0.00626,-0.022077,-0.022091,-0.028062,-0.013689,-0.010362,0.012757000000000001,0.014113
KIM UN Equity,0.076569,0.053524,0.03356,0.004556,0.030003000000000002,0.06175099999999999,0.059477,0.06619900000000001,0.045153,0.022839,-0.021824,0.07410800000000001
LLY UN Equity,0.097867,0.073299,0.027976,0.022216999999999997,-0.029035000000000002,-0.027724000000000002,-0.009648,0.006737,-0.005965000000000001,0.036070000000000005,0.06715900000000001,0.067886
CHTR UW Equity,0.058592000000000005,0.061784,0.042578,0.053404,0.066555,0.070841,0.411486,0.40842799999999996,0.392121,0.378816,0.381133,0.051567999999999996
LNC UN Equity,0.13902699999999998,-0.003849,0.028563,0.077214,0.08938700000000001,0.035686,0.048491,0.042967000000000005,0.077339,0.033396,0.054456,0.07187400000000001
L UN Equity,-0.019911,-0.062667,0.069564,0.066348,-0.016272,-0.021467,-0.008354,-0.008232,-0.027666,0.019397,0.021608000000000002,0.018645000000000002
IEX UN Equity,0.091525,0.097318,0.07244,0.079403,0.088187,0.042848,0.019887,0.036043,0.033576999999999996,0.029543,0.04229599999999999,0.061482999999999996
MMC UN Equity,7.2e-05,0.014428000000000002,0.009455999999999999,0.033487,0.048301,0.036889,0.029561999999999998,0.04185,0.03569,0.056073000000000005,0.057569,0.088355
MAS UN Equity,-0.11315,-0.098444,-0.0746,0.0042580000000000005,-0.025737999999999997,-0.000117,0.002405,0.004653,-0.039307,-0.003263,0.016365,0.02826
SPGI UN Equity,-0.005951,-0.088346,-0.048223,-0.031516,-0.024788,-0.01687,0.068604,0.053106,0.049564000000000004,0.061064999999999994,0.06324099999999999,0.083384
VTRS UW Equity,0.352954,0.363807,0.08319599999999999,0.084924,0.09028900000000001,0.11666800000000001,0.163705,0.134566,0.11226900000000001,0.089135,0.077858,0.058471
CVS UN Equity,0.20367100000000002,0.18598800000000001,0.07428799999999999,0.06340499999999999,0.074908,0.10844799999999999,0.101761,0.090374,0.106379,0.125386,0.11071099999999999,0.107525
MSI UN Equity,-0.25693,-0.278846,-0.24029699999999998,-0.23935800000000002,-0.175553,-0.050981,-0.039219,-0.043236,0.044046,0.054505,0.062074,0.042624
CBOE UF Equity,0.12225775,0.12225775,0.12225775,0.12225775,0.066202,0.058444,0.035334,0.153468,0.187134,0.10981,0.145147,0.22252300000000003
LH UN Equity,0.095153,0.087385,0.069182,0.051278,0.053605,0.12171799999999999,0.113597,0.14326,0.141699,0.143178,0.143091,0.116342
NEM UN Equity,0.15326,0.141924,0.11919600000000001,0.105519,-0.043400999999999995,-0.106379,-0.083393,-0.048112,-0.013138,0.080245,0.184175,0.136365
NI UN Equity,-0.082455,-0.063159,-0.087243,-0.077252,0.0007109999999999999,-0.089253,-0.025934,-0.0036580000000000002,-0.017525,-0.037462,0.019822,0.016645
NSC UN Equity,0.011686,0.038194,0.018079,0.028611,0.063861,0.010320000000000001,-0.022985000000000002,-0.0011200000000000001,0.001039,-0.012870999999999999,0.004331,0.027519000000000002
ES UN Equity,-0.08509800000000001,-0.063596,0.057057000000000004,0.04190000000000001,0.074176,0.070327,0.107137,0.02395,0.027395999999999997,0.017381,0.05724,0.069151
NOC UN Equity,-0.020775000000000002,-0.041003,-0.058737000000000004,-0.04078299999999999,0.167159,-0.037777,0.002721,0.006584,0.057844,0.073825,0.123928,0.055479
WFC UN Equity,0.16515000000000002,0.118949,0.106584,0.135388,-0.020443,-0.006573,0.010175,0.014609,0.030843,0.030023,-0.027603,-0.013466
NUE UN Equity,0.05213822222222222,0.05213822222222222,0.05213822222222222,0.033515,0.112373,-0.021511,-0.039097,0.027274,0.051635999999999994,0.005064,0.08759,0.21239999999999998
OXY UN Equity,0.045557,0.090818,0.026141,0.048361,-0.003447,-0.11133900000000001,-0.14308500000000002,-0.10763299999999999,-0.013311,0.090038,0.08193500000000001,0.231997
OMC UN Equity,0.040614,0.036786,0.016981,0.037779,0.05135100000000001,0.029763,0.019418,0.011500999999999999,0.0014060000000000001,-0.002583,-0.019857,-0.018896
OKE UN Equity,-0.069263,0.063453,-0.016873,0.039417,-0.052716000000000006,-0.10055199999999999,-0.081976,0.007124,-0.018835,-0.013073999999999999,0.058898,0.15348599999999998
RJF UN Equity,0.076129,0.02396,0.065271,0.11678100000000001,0.127408,0.093945,0.13862,0.091961,0.10639599999999999,0.099872,0.11680099999999999,0.130108
PH UN Equity,0.058483,0.043491999999999996,0.016182000000000002,0.02928,0.058912000000000006,-0.011498999999999999,-0.029792,0.019162,0.022531,0.022153,0.047483000000000004,0.074455
ROL UN Equity,0.075172,0.071501,0.072466,0.055313,0.057912,0.053057999999999994,0.059337,0.062414,0.06487899999999999,0.08026,0.08148,0.09257
PPL UN Equity,0.106497,0.147643,0.148627,0.023818000000000002,0.007784,-0.064026,-0.096329,-0.09717599999999998,-0.07211000000000001,0.0008210000000000001,-0.050875000000000004,-0.041129
COP UN Equity,0.004656,-0.156912,-0.20365100000000003,-0.20238399999999998,-0.222972,-0.33452800000000005,-0.156593,-0.12209300000000001,-0.061185,-0.072139,-0.026897,0.172988
PHM UN Equity,-0.250382,-0.22057200000000002,-0.115523,0.0013980000000000002,0.010382,0.117065,0.146547,0.122693,0.126217,0.106054,0.09139099999999999,0.117484
PNW UN Equity,-0.010103,-0.017646,-0.00454,0.006221,0.019091,0.022397999999999998,0.020495,0.018502,0.015681,-0.015933,0.001772,0.015644
PNC UN Equity,0.148856,0.120803,0.10397500000000001,0.163629,-0.052367,-0.011896,0.015622,0.018918,0.040137,0.042959,0.011437,0.04539
PPG UN Equity,0.061686,0.13165100000000002,0.0088,0.018849,0.0014080000000000002,-0.04008,-0.013616,0.025717,0.008152,0.031929,0.064083,0.049934000000000006
PGR UN Equity,0.013139000000000001,0.0127,0.044847,0.056537,0.058182,0.070446,0.09281299999999999,0.096174,0.117134,0.157281,0.161634,0.153183
PEG UN Equity,-0.041218000000000005,0.013751,-0.050341,-0.06478,-0.002789,-0.036610000000000004,-0.045359,-0.026191,0.01262,-0.022244,0.010657000000000002,0.07894999999999999
RHI UN Equity,-0.007618000000000001,-0.01693,-0.032513,0.018314999999999998,0.106195,0.089057,0.0538,0.054157000000000004,0.06452200000000001,0.047084,-7.8e-05,0.069467
EIX UN Equity,0.006309,-0.038818,0.006192,-0.018317,0.004162,-0.052714,0.027596,0.010244999999999999,0.004446,-0.009425,0.061634,0.029238
SLB UN Equity,0.17645499999999997,0.140006,0.12146900000000001,0.116315,0.170883,-0.031052,-0.071544,-0.058959000000000004,-0.072322,-0.082296,-0.065061,-0.026153
SCHW UN Equity,0.273842,-0.018589,-0.032668,0.017923,0.085575,0.07841999999999999,0.117183,0.135449,0.151753,0.11958,0.198582,0.19112200000000001
SHW UN Equity,0.020821,0.029015,0.036877,0.076469,0.099527,0.065609,0.060907,0.12362999999999999,0.10589,0.09873900000000001,0.115008,0.113448
WST UN Equity,0.071913,0.049595,0.046536,0.069511,0.035790999999999996,0.053792,0.052927999999999996,0.052686000000000004,0.042755999999999995,0.061125,0.100341,0.138358
SNA UN Equity,0.036962,0.028527999999999998,0.036962,0.036962,0.036962,0.036962,0.045396,0.036962,0.036962,0.036962,0.036962,0.036962
AME UN Equity,0.109209,0.096747,0.076143,0.08605600000000001,0.143639,0.078219,0.049885,0.063102,0.061691,0.049634,0.039466,0.09097899999999999
SO UN Equity,0.027729,0.032355,0.020827,0.006491,0.028983,-0.011006,0.069883,0.087365,0.063279,0.039483000000000004,0.074776,0.021662
TFC UN Equity,0.051210000000000006,0.011091,0.0011690000000000001,0.0011799999999999998,-0.019995,-0.000663,0.015562,0.026063999999999997,0.057328000000000004,0.107917,0.168201,0.14551999999999998
LUV UN Equity,0.094017,0.12536,0.108613,0.10124000000000001,0.112809,0.098322,0.04322600000000001,0.047308,0.051948,0.04360699999999999,-0.165598,-0.000987
WRB UN Equity,-0.025074,-0.009122,0.018425,0.062232,0.08391799999999999,0.088785,0.096084,0.047561,0.042946,0.033647,0.050096,0.046319
SWK UN Equity,0.12089450000000002,0.20273700000000003,0.12089450000000002,0.12089450000000002,0.12089450000000002,0.12089450000000002,0.039051999999999996,0.12089450000000002,0.12089450000000002,0.12089450000000002,0.12089450000000002,0.12089450000000002
PSA UN Equity,0.088871,0.001688,0.002213,0.042795,0.069074,0.078403,0.083099,0.074362,0.06162,0.050915,0.04201,0.072484
SYY UN Equity,0.0462205,0.036368,0.0462205,0.0462205,0.0462205,0.0462205,0.056073000000000005,0.0462205,0.0462205,0.0462205,0.0462205,0.0462205
TXT UN Equity,0.018076500000000002,0.00329,0.018076500000000002,0.018076500000000002,0.018076500000000002,0.018076500000000002,0.032863,0.018076500000000002,0.018076500000000002,0.018076500000000002,0.018076500000000002,0.018076500000000002
TMO UN Equity,0.297,0.13106099999999998,0.044546999999999996,0.055505000000000006,0.09612,0.113419,0.098966,0.131574,0.13419499999999998,0.08734700000000001,0.177913,0.16664
GL UN Equity,0.019525,-0.005555,0.020148000000000003,0.02054,0.055275,0.019705999999999998,0.031917,0.026219000000000003,0.027298,0.043829,0.056421,0.058718000000000006
JCI UN Equity,0.12033766666666666,0.12033766666666666,0.12033766666666666,0.12033766666666666,0.12033766666666666,0.12033766666666666,0.233843,0.1533,0.169924,0.1761,0.026075,-0.037216
UNP UN Equity,0.040212000000000005,0.052125000000000005,0.045788999999999996,0.056066000000000005,0.103872,0.033824,0.0023380000000000002,0.0075060000000000005,0.004471,-0.03265,-0.0025859999999999998,0.020967
UNH UN Equity,0.145851,0.073754,0.089917,0.087537,0.089451,0.12653499999999998,0.128987,0.125946,0.13424899999999998,0.127431,0.08469900000000001,0.091796
MRO UN Equity,-0.266296,-0.21834399999999998,-0.246644,-0.283185,-0.301931,-0.187215,-0.236562,-0.191163,-0.10732699999999999,-0.125106,-0.070854,0.128168
BIO UN Equity,0.116745,0.099084,0.045359,0.061113999999999995,0.038578,0.013438,0.007594999999999999,0.016017999999999998,0.004673,0.008611,0.067205,0.050987
VTR UN Equity,0.220258,0.375318,0.244235,0.25827500000000003,0.25209,0.258991,0.09231600000000001,0.06426,0.047182,0.06350399999999999,0.01831,0.031467
VFC UN Equity,0.0679365,0.127273,0.0679365,0.0679365,0.0679365,0.0679365,0.0086,0.0679365,0.0679365,0.0679365,0.0679365,0.0679365
VNO UN Equity,-0.006284,-0.009188,0.008829,-0.013523,-0.033131,-0.015029999999999998,-0.057191,-0.048263,-0.035008,-0.050406000000000006,-0.10392699999999999,-0.039085999999999996
VMC UN Equity,-0.049242999999999995,-0.055174,-0.066193,-0.031717,0.050511,0.07897,0.0727,0.099462,0.098491,0.09455,0.06510200000000001,0.129705
WY UN Equity,-0.218737,-0.22169799999999998,-0.12668100000000002,-0.001015,0.04208,-0.053205,-0.0023639999999999998,-0.018362,-0.015399000000000001,-0.028415,0.10258800000000001,0.066877
WHR UN Equity,0.049774000000000006,-0.002306,-0.020913,0.033588,0.042977999999999995,0.019792,0.028693,0.035429,0.021456,-0.021602999999999997,0.008418,0.005560000000000001
WMB UN Equity,-0.138843,0.05399,-0.048322000000000004,-0.044475,-0.016439,0.028742,0.008876,0.032363,0.058329000000000006,-0.003196,0.008431,0.08182700000000001
WEC UN Equity,-0.008095,0.003266,-0.141527,-0.00361,0.029122,0.11143800000000001,0.12013299999999999,0.139169,0.12002499999999999,0.097138,0.009043,0.023235000000000002
AES UN Equity,0.016402,0.003183,0.002432,0.060567,0.049645999999999996,0.0011849999999999999,-0.022529,-0.062264999999999994,-0.07152599999999999,-0.100658,-0.044779,0.008137
AMGN UW Equity,0.032649,0.007095000000000001,0.033746,0.059633000000000005,0.069546,0.075847,0.084672,0.055872000000000005,0.044509999999999994,0.030562999999999996,0.03685,0.027934
AAPL UW Equity,0.2825295,0.454272,0.2825295,0.2825295,0.2825295,0.2825295,0.110787,0.2825295,0.2825295,0.2825295,0.2825295,0.2825295
CMCSA UW Equity,0.12410399999999999,0.164281,0.147391,0.13947800000000002,0.14356,0.14636100000000002,0.06926700000000001,0.06733,0.10469300000000001,0.098768,0.075616,0.07608
TAP UN Equity,0.1050183,-0.09350699999999999,0.1050183,0.06826800000000001,0.034776,0.0022170000000000002,0.196032,0.201507,0.186544,0.206183,0.221294,0.026869
KLAC UW Equity,0.0946,-0.0021,0.011446000000000001,0.121981,0.089619,-0.015085,0.064183,0.077134,0.096938,0.17416399999999999,0.183753,0.21821000000000002
PCAR UW Equity,0.0644129,0.0644129,0.012338,0.095349,0.178143,0.07345600000000001,-0.034577,0.064157,0.064283,0.036267,0.050378,0.10433500000000001
FRC UN Equity,0.16099157142857146,0.16099157142857146,0.16099157142857146,0.16099157142857146,0.16099157142857146,0.113513,0.134361,0.155991,0.188674,0.191947,0.172762,0.169693
SYK UN Equity,0.093071,0.09603500000000001,0.07105,0.075113,0.073753,0.063568,0.073446,0.08232900000000001,0.089924,0.095512,0.094381,0.082887
TSN UN Equity,0.0343325,0.048973,0.0343325,0.0343325,0.0343325,0.0343325,0.019692,0.0343325,0.0343325,0.0343325,0.0343325,0.0343325
CAH UN Equity,0.055718,0.044464,0.01621,-0.016081,0.004906,0.043855000000000005,0.041294000000000004,0.068768,0.11156100000000001,0.092448,0.057268,0.06518099999999999
CERN UW Equity,0.079626,0.100845,0.079626,0.079626,0.079626,0.079626,0.153613,0.079626,0.079626,0.079626,0.034873,0.029173
CINF UW Equity,-0.006495,-0.008173,0.017106,0.028575,0.0218,0.061758,0.06558,0.056887,-0.09538,0.112645,0.16358699999999998,0.204257
DHI UN Equity,-0.22953199999999999,-0.205732,-0.060559,0.127213,0.152548,0.251142,0.262183,0.21185400000000001,0.160672,0.117935,0.196815,0.194193
EA UW Equity,-0.036781,-0.036985000000000004,-0.09311,-0.133487,-0.019577,0.003208,0.016064000000000002,0.046997,0.097914,0.071854,0.093509,0.092592
EXPD UW Equity,0.074975,0.03868,0.012032000000000001,0.044565,0.072433,0.001774,0.017996,0.043639000000000004,0.06576699999999999,0.029435,0.13305,0.268659
FAST UW Equity,0.083605,0.09232,0.078396,0.083494,0.142057,0.09969900000000001,0.06318800000000001,0.075275,0.08641199999999999,0.066315,0.08033699999999999,0.10073700000000001
MTB UN Equity,-0.006481,-0.002323,0.025151,0.024014999999999998,0.047389,0.068498,0.053811,0.05389,0.075736,0.071549,0.033211,0.011971
FISV UW Equity,-5.4000000000000005e-05,0.045358,0.007137,0.039619,0.043822,0.048802000000000005,0.042705,0.05774,0.041938,0.251793,0.22876200000000002,0.243635
FITB UW Equity,-0.024068999999999997,-0.01847,-0.022639,-0.035996,-0.014932,0.039289,0.007962,-0.019181999999999998,0.029106,0.09285700000000001,-0.003017,0.045139
GILD UW Equity,0.268199,0.19598500000000002,0.187795,0.169157,0.291903,0.33596800000000004,0.271753,0.181099,0.131826,-0.04274,-0.026923,-0.002085
HAS UW Equity,0.044555,0.044555,0.044555,0.044555,0.044555,0.044555,0.044555,0.044555,0.044555,0.044555,0.044555,0.044555
HBAN UW Equity,0.060865999999999996,0.0046029999999999995,-0.046411,-0.002726,-0.014214,0.005948999999999999,0.099689,0.097056,0.139876,0.13295400000000002,0.095314,0.08107900000000001
WELL UN Equity,0.18277600000000002,0.18277600000000002,0.18277600000000002,0.18277600000000002,0.437438,0.392789,0.229011,0.17313800000000001,0.094971,0.077923,0.017363,0.039575
BIIB UW Equity,0.140106,0.133722,0.097401,0.12959199999999998,0.18564499999999998,0.184231,0.16702899999999998,0.184555,0.12396800000000001,0.06812,0.000935,-0.009815
NTRS UW Equity,0.012622,-0.027176,-0.06837399999999999,-0.043769,0.025735,0.035058,0.043998999999999996,0.081135,0.095906,0.077949,0.051522,0.053126
PKG UN Equity,0.058002000000000005,0.034176000000000005,0.048892,0.182874,0.219256,0.172881,0.176785,0.179879,0.066748,0.037041,0.042685,0.067101
ROP UN Equity,0.11563000000000001,0.096912,0.076556,0.09077099999999999,0.11313100000000001,0.067889,0.064585,0.086556,0.091303,0.08071400000000001,0.071949,0.08391299999999999
IDXX UW Equity,0.08960709090909091,0.098322,0.054587000000000004,0.077935,0.054188,0.070913,0.075958,0.096343,0.091835,0.114594,0.125216,0.12578699999999998
SBUX UW Equity,0.098356,0.098356,0.098356,0.098356,0.098356,0.098356,0.098356,0.098356,0.098356,0.098356,0.098356,0.098356
KEY UN Equity,-0.052847,-0.10816700000000001,-0.10247099999999999,-0.056895,-0.041204,-0.028338000000000002,0.08602800000000001,0.09448499999999999,0.119988,0.112514,0.10722200000000001,0.036725
STT UN Equity,-0.032799,-0.004545,-0.05389,-0.046795,0.020821999999999997,0.035717,0.012459,0.040558,0.057087000000000006,0.040012,0.020593,0.030053
USB UN Equity,0.039502999999999996,0.029688,0.013919999999999998,0.02559,0.018613,0.00672,0.005392,0.019998000000000002,0.054425999999999995,0.041044,0.018685,0.0028770000000000002
AOS UN Equity,-0.031255000000000005,-0.026291000000000002,-0.016541,0.019041,0.11586600000000001,0.115494,0.079689,0.079504,0.07769999999999999,0.036789999999999996,0.054703999999999996,0.073556
NLOK UW Equity,0.068993,-0.0033915000000000004,-0.0033915000000000004,-0.0033915000000000004,-0.0033915000000000004,-0.0033915000000000004,-0.0033915000000000004,-0.0033915000000000004,-0.0033915000000000004,-0.0033915000000000004,-0.0033915000000000004,-0.07577600000000001
TROW UW Equity,0.09226000000000001,0.055109000000000005,0.042950999999999996,0.224899,0.13466699999999998,0.101975,0.101942,0.10509600000000001,0.070149,0.07513399999999999,0.104931,0.124464
WM UN Equity,-0.011222000000000001,0.007383,0.004307,0.024041,0.027160000000000004,0.003675,0.0031509999999999997,0.012386,0.018821,0.022742,0.046128999999999996,0.062176999999999996
XRAY UW Equity,0.048971,0.093824,0.068247,0.082027,0.048132,0.03386,0.061898,0.076893,0.070537,0.09093,0.10024100000000001,0.017725
ZION UW Equity,0.006174,-0.066807,-0.10565799999999999,-0.11542400000000001,-0.025248,-0.027568000000000002,-0.002768,0.048794000000000004,0.116465,0.062037,0.042817,0.037467
ALK UN Equity,0.055802,0.057321,0.058129,0.07905999999999999,0.09069699999999999,0.075148,0.078529,0.11398799999999999,0.112717,0.11274200000000001,-0.101133,0.04498
IVZ UN Equity,0.06026269999999998,0.06026269999999998,-0.0071979999999999995,0.15939899999999999,0.112912,0.038060000000000004,0.036822,0.05617,0.004978,0.064221,0.056281,0.080982
MS UN Equity,-0.09480499999999999,-0.140962,-0.10899900000000001,0.03624,0.013765000000000001,-0.027313,0.071329,0.060688000000000006,0.055713,0.092436,0.11204900000000001,0.082106
MCHP UW Equity,0.093838,0.055709,0.104948,0.202101,0.161505,0.079956,0.204456,0.190327,0.233006,0.194811,0.201345,0.160667
CB UN Equity,0.087577125,0.087577125,0.087577125,0.087577125,0.020878999999999998,0.011958,0.127683,0.113273,0.084899,0.130269,0.16048400000000002,0.051172
HOLX UW Equity,0.092113,0.092113,0.092113,0.092113,0.092113,0.092113,0.092113,0.092113,0.092113,0.092113,0.092113,0.092113
ORLY UW Equity,0.205371,0.20034500000000002,0.19755199999999998,0.077812,0.084919,0.082651,0.08575100000000001,0.080383,0.07384,0.070745,0.077345,0.09411699999999999
ALL UN Equity,-0.019965,-0.019797,-0.010078,0.060029000000000006,0.016822999999999998,0.01451,0.024112,0.033176000000000004,0.015204,0.055448000000000004,0.047524,0.069969
EQR UN Equity,0.030591,0.08886200000000001,-0.021729,0.049857,0.075792,0.08823399999999999,0.042237,0.068673,0.004223,0.0057220000000000005,-0.026942,0.012764
BWA UN Equity,0.08538259999999999,0.08538259999999999,0.046002,0.151447,0.106982,0.067242,0.04956000000000001,0.085123,0.06424400000000001,0.051382000000000004,0.130826,0.10101800000000001
INCY UW Equity,1.423562,0.325668,0.6347229999999999,1.529711,0.783712,0.232161,0.624163,0.312938,0.403376,0.361221,0.264841,0.214538
SPG UN Equity,0.047042,0.047894,0.053588,0.039806,0.047568,0.042781,0.040125,0.01209,0.031642,0.027923,-0.039028,-0.014411
EMN UN Equity,-0.032859,0.097721,0.045423,0.10969799999999999,0.146462,0.08746999999999999,0.048944,0.017195000000000002,0.009615,-0.012573,-0.0035299999999999997,0.042485999999999996
AVB UN Equity,0.055298,0.05075,0.042543,0.133813,0.155098,0.162429,0.163464,0.16248,0.079761,0.061387,0.029399,0.030142000000000002
PRU UN Equity,0.005162,0.060606999999999994,0.39291699999999996,0.07395,0.134934,0.120645,0.02147,-0.18753399999999998,0.13261900000000001,0.040989000000000005,0.011248000000000001,0.010417000000000001
UPS UN Equity,0.023420999999999997,0.023252000000000002,0.017018,0.033568,0.051306000000000004,0.036477,0.036303999999999996,0.054238,0.057948000000000006,0.052897999999999994,0.091715,0.104032
STE UN Equity,0.026890999999999998,0.035079,0.039131,0.048875,0.076185,0.135128,0.127333,0.117144,0.114147,0.10346999999999999,0.055084,0.133268
MCK UN Equity,0.048981000000000004,0.059391,0.032570999999999996,0.048238,0.10456,0.111401,0.102045,0.115093,0.103595,0.049451999999999996,0.05499,0.064788
LMT UN Equity,0.045225999999999995,0.024104999999999998,0.0222,0.007103000000000001,0.0053029999999999996,-0.020253999999999998,0.024679000000000003,0.027312,0.045563,0.048501,0.081341,0.051475
ABC UN Equity,0.063004,0.039620999999999996,0.040364000000000004,0.10969699999999999,0.116775,0.130404,0.134469,0.139536,0.092422,0.073408,0.07424800000000001,0.093323
COF UN Equity,0.069311,0.024343,0.039449,0.07574600000000001,0.091296,0.07481900000000001,0.09302300000000001,0.046722,0.066957,0.068331,0.034897,0.03581
WAT UN Equity,0.077941,0.061478000000000005,0.036092,0.062122000000000004,0.063659,0.039384999999999996,0.038157,0.05665,0.048056999999999996,0.04173,0.060443,0.058735
DPZ UN Equity,0.105612,0.105612,0.105612,0.105612,0.105612,0.105612,0.105612,0.105612,0.105612,0.105612,0.105612,0.105612
NVR UN Equity,-0.133283,-0.145498,-0.07942,0.064168,0.122322,0.139087,0.18781099999999998,0.139906,0.099345,0.084269,0.08550200000000001,0.049372
CTXS UW Equity,0.145435,0.140481,0.13117499999999999,0.140578,0.135453,0.113005,0.03471,0.010029999999999999,-0.000137,-0.009982999999999999,-0.021968,0.029822
ODFL UW Equity,0.069437,0.08717599999999999,0.082761,0.12023199999999999,0.18321,0.12984400000000001,0.089796,0.107928,0.116288,0.06955499999999999,0.07880899999999999,0.135922
DVA UN Equity,0.077617,0.071126,0.128329,0.15959099999999998,0.16240300000000002,0.10276033333333333,0.10276033333333333,0.10276033333333333,0.10276033333333333,0.10276033333333333,0.10276033333333333,0.017496
HIG UN Equity,-0.051144999999999996,-0.057454,0.062968,0.532574,-0.06439,-0.053148,0.0615675,0.0615675,0.0615675,0.0615675,0.0615675,0.0615675
IRM UN Equity,0.062556,0.040077999999999996,0.00851,0.004126,-0.000349,0.0063,0.04719,0.054988999999999996,0.066811,0.067722,0.070878,0.044175000000000006
EL UN Equity,0.069142,0.06574200000000001,0.049023000000000004,0.08142200000000001,0.061189999999999994,0.046243,0.032229,0.050037000000000005,0.058173,0.087177,0.09209400000000001,0.115423
CDNS UW Equity,0.011363500000000006,-0.064998,0.011363500000000006,0.011363500000000006,0.011363500000000006,0.011363500000000006,0.08772500000000001,0.011363500000000006,0.011363500000000006,0.011363500000000006,0.011363500000000006,0.011363500000000006
TYL UN Equity,0.103316,0.09917999999999999,0.095581,0.097501,0.114193,0.170143,0.186838,0.179483,0.169228,0.17779399999999998,0.12256399999999999,0.175351
UHS UN Equity,0.099742,0.112256,0.11140599999999999,0.07793599999999999,0.133449,0.103463,0.08283099999999999,0.084094,0.088712,0.058823999999999994,0.059219999999999995,0.057572
SWKS UW Equity,0.110618,0.10811250000000001,0.10811250000000001,0.10811250000000001,0.10811250000000001,0.10811250000000001,0.10811250000000001,0.10811250000000001,0.10811250000000001,0.10811250000000001,0.10811250000000001,0.105607
DGX UN Equity,0.050273000000000005,0.035912,0.000395,-0.004971,0.003738,0.002726,0.001381,0.010055000000000001,0.009278999999999999,0.004526,0.10178000000000001,0.080756
ATVI UW Equity,0.07731460000000001,0.07731460000000001,0.41424,-0.015221,0.002302,-0.010592999999999998,0.074368,0.029336,0.094202,0.047466,0.122669,0.014377
ROK UN Equity,0.050086000000000006,0.051559999999999995,0.022578,0.060038,0.08080999999999999,0.008749,0.002216,0.012750999999999998,0.006279,0.013611,0.01873,0.045013
AMT UN Equity,0.122264,0.141082,0.152366,0.18197,0.184901,0.18507400000000002,0.187059,0.17274799999999998,0.17745999999999998,0.129523,0.106432,0.096936
REGN UW Equity,0.503074,0.640629,0.44978999999999997,0.613393,0.526495,0.52376,0.5841270000000001,0.307185,-0.098925,0.183574,0.171495,0.321892
AMZN UW Equity,0.34179099999999996,0.34325000000000006,0.302515,0.307185,0.252386,0.22520099999999998,0.202024,0.232362,0.231185,0.244178,0.285639,0.257266
JKHY UW Equity,0.104794,0.08875400000000001,0.077518,0.087148,0.081023,0.065282,0.063785,0.050894,0.059855,0.061288,0.048773,0.07219400000000001
RL UN Equity,0.042668,0.095625,0.042668,0.042668,0.042668,0.042668,-0.010289,0.042668,0.042668,0.042668,0.042668,0.042668
BXP UN Equity,0.013885000000000002,0.050197000000000006,0.046543,0.081023,0.102872,0.09725199999999999,0.071409,0.065086,0.04122,0.043,0.012758,0.028232
APH UN Equity,0.133292,0.075459,0.080739,0.105251,0.134714,0.08533400000000001,0.117193,0.111475,0.122979,0.08561,0.111426,0.128865
PXD UN Equity,0.024574,0.20074899999999998,0.0917,0.168047,0.238151,0.180836,0.115185,0.17655300000000002,0.157964,0.192836,0.12609700000000001,0.28435
VLO UN Equity,-0.032597,0.13309100000000001,0.038848,0.134018,0.09533200000000001,-0.046696,-0.09675800000000001,-0.051917,-0.035544,0.000144,-0.007881,0.116302
CHRW UW Equity,0.079877,0.09351000000000001,0.08762700000000001,0.10029099999999999,0.108222,0.066661,0.058641,0.05915,0.05588,0.024728,0.07218,0.137444
TDG UN Equity,0.20859000000000003,0.23495100000000002,0.20859000000000003,0.20859000000000003,0.20859000000000003,0.20859000000000003,0.182229,0.20859000000000003,0.20859000000000003,0.20859000000000003,0.20859000000000003,0.20859000000000003
YUM UN Equity,-0.08823742857142858,0.063906,-0.08823742857142858,-0.08823742857142858,-0.08823742857142858,-0.08823742857142858,-0.14430500000000002,-0.176063,-0.179083,-0.15776,-0.024781,0.000424
PLD UN Equity,0.1555716,0.1555716,0.252905,0.21531099999999997,0.23074000000000003,0.221813,0.06305,0.041402999999999995,0.130666,0.128726,0.11563000000000001,0.155472
FE UN Equity,0.018719,0.075698,0.025552000000000002,0.025642,0.033076,0.022189,-0.026497000000000003,-0.051539,-0.056936999999999995,-0.051562000000000004,-0.064511,-0.046498
VRSN UW Equity,-0.14438,-0.130024,0.007591,-0.075921,0.10022600000000001,0.08799200000000001,0.070484,0.051217,0.045922,0.039452,0.032747,0.035186999999999996
PWR UN Equity,0.161454,0.186648,0.13741799999999998,0.145509,0.15524100000000002,0.114123,0.085865,0.081746,0.11355900000000001,0.089515,0.08924699999999999,0.13284100000000001
HSIC UW Equity,0.080106,0.100938,0.080106,0.080106,0.080106,0.080106,0.05927399999999999,0.080106,0.080106,0.080106,0.080106,0.080106
AEE UN Equity,0.0020050000000000003,-0.005114,-0.07048499999999999,-0.070754,-0.040431999999999996,-0.051744000000000005,-0.029992,0.021474000000000004,0.014261999999999999,-0.008011,0.0030399999999999997,0.02644
ANSS UW Equity,0.306721,0.183826,0.14691200000000001,0.11771100000000001,0.11087999999999999,0.08601900000000001,0.064265,0.064924,0.11972200000000001,0.138343,0.199043,0.193609
SEE UN Equity,0.023692,0.11372,0.096076,0.114901,0.11478,0.077212,-0.109131,-0.090947,-0.089358,-0.080273,-0.052284,0.06815500000000001
CTSH UW Equity,0.38529,0.314178,0.26562,0.25617999999999996,0.248849,0.19791799999999998,0.15784399999999998,0.14463499999999999,0.118801,0.09332499999999999,0.052924,0.066512
SIVB UW Equity,0.09107599999999999,0.07950499999999999,0.11946799999999999,0.25522300000000003,0.218907,0.15619,0.137624,0.135777,0.10943,0.170049,0.255721,0.295555
ISRG UW Equity,0.401126,0.345718,0.263191,0.200017,0.13362,0.11685499999999999,0.087856,0.079212,0.12676500000000002,0.161389,0.144611,0.154245
TTWO UW Equity,0.067451,0.027433,-0.008468999999999999,0.8138580000000001,0.08448499999999999,0.04383,0.150551,0.029506,-0.07698,0.118576,0.157559,0.13646
RSG UN Equity,0.223155,0.214577,0.205713,0.11468400000000001,0.022029,0.025345,0.032735,0.047663000000000004,0.033905,0.029405999999999998,0.023584,0.044160000000000005
EBAY UW Equity,0.134307,0.144677,0.128555,0.17346599999999998,-0.004076,-0.014296999999999999,-0.066579,-0.074749,-0.08679500000000001,-0.007605,0.01309,0.017576
GS UN Equity,-0.03105,-0.150563,-0.123704,0.230143,-0.040961,-0.0341,0.05056,-0.008315,0.038974,0.092835,0.08813599999999999,0.061946
SBAC UW Equity,0.12717277777777777,0.12717277777777777,0.12717277777777777,0.20064,0.227928,0.197149,0.177731,0.085607,0.076045,0.048819999999999995,0.056602,0.074033
SRE UN Equity,-0.098209,-0.04229,-0.030194000000000002,0.0336,0.022648,0.028671000000000002,0.019643,0.021265,0.00879,0.013878999999999999,0.032605,0.060182
MCO UN Equity,0.035841,-0.007885999999999999,0.083568,0.14056,0.125532,0.08941,0.106847,0.090951,0.063485,0.070393,0.08299,0.103134
BKNG UW Equity,0.291017,0.306701,0.288799,0.305735,0.27704999999999996,0.222883,0.188396,0.186775,0.158278,0.126562,-0.091472,0.048858
FFIV UW Equity,0.250106,0.21851199999999998,0.188387,0.196757,0.19343800000000003,0.127247,0.098589,0.074401,0.05994,0.042297,0.049965,0.058963999999999996
AKAM UW Equity,0.280613,0.208287,0.155755,0.15451499999999999,0.176127,0.152619,0.137351,0.117476,0.103491,0.075614,0.078808,0.08001699999999999
CRL UN Equity,0.05646199999999999,0.013774,0.05646199999999999,0.05646199999999999,0.05646199999999999,0.05646199999999999,0.09914999999999999,0.05646199999999999,0.05646199999999999,0.05646199999999999,0.05646199999999999,0.05646199999999999
MKTX UW Equity,0.164082,0.165978,0.19079100000000002,0.23414300000000002,0.15813,0.147858,0.159099,0.14468,0.132686,0.131275,0.175443,0.119741
DVN UN Equity,-0.04105400000000001,0.032769,-0.040202,0.042135,0.12320199999999999,-0.08383900000000001,-0.002334,-0.01236,-0.059034,-0.180305,-0.046256000000000005,0.08759499999999999
TECH UW Equity,0.071093,0.072934,0.038559,0.063087,0.11308199999999999,0.12295500000000001,0.120386,0.154734,0.157419,0.10560499999999999,0.131507,0.153591
GOOGL UW Equity,0.344774,0.269845,0.244679,0.22470099999999998,0.220886,0.20372,0.19750800000000002,0.17521,0.201176,0.20543299999999998,0.21681699999999998,0.236459
TFX UN Equity,0.039036699999999994,0.039036699999999994,-0.06394,-0.019534,-0.004216,0.04635500000000001,0.049813,0.07266600000000001,0.073269,0.074238,0.079784,0.08193199999999999
NFLX UW Equity,0.252929,0.258606,0.256044,0.267249,0.272761,0.250649,0.231248,0.282977,0.289296,0.29785799999999996,0.295145,0.254871
TRMB UW Equity,0.115961,0.10598849999999999,0.10598849999999999,0.10598849999999999,0.10598849999999999,0.10598849999999999,0.10598849999999999,0.10598849999999999,0.10598849999999999,0.10598849999999999,0.10598849999999999,0.09601599999999999
ANTM UN Equity,0.053040000000000004,0.009923,-0.001697,0.035043000000000005,-0.000654,0.066638,0.072287,0.07996500000000001,0.054785,0.076201,0.095299,0.109945
CME UW Equity,0.27707899999999996,0.212821,0.045316,-0.0013830000000000001,0.04732,0.012922,0.043879,0.063705,0.12474600000000001,0.06240300000000001,0.061834,0.046769
JNPR UN Equity,0.156382,0.13470000000000001,0.07110699999999999,0.066398,0.031917,0.0209,0.043331,0.016734,-0.014983999999999999,0.018628,-0.015154,-0.012688
BLK UN Equity,0.46525799999999995,0.169364,0.119459,0.21151,0.125134,0.028062999999999998,0.053502,0.081926,0.043385999999999994,0.073933,0.09358499999999999,0.120564
DTE UN Equity,-0.043348000000000005,0.011977,0.012549,0.031419,0.077322,0.027361,0.058488,0.068463,0.081631,-0.02972,0.043697999999999994,0.100873
CE UN Equity,-0.00211,-0.005124999999999999,0.022866333333333336,0.022866333333333336,0.022866333333333336,0.022866333333333336,0.022866333333333336,0.022866333333333336,0.008876,-0.016851,0.035864,0.11654400000000001
NDAQ UW Equity,0.236066,0.18069,0.148046,0.052300000000000006,0.069776,0.060281,0.073583,0.083442,0.044025999999999996,0.045559,0.080121,0.08119300000000002
PM UN Equity,0.016278400000000002,0.016278400000000002,0.059573,0.049343000000000005,0.0139,-0.019043,-0.018956,0.010062999999999999,-0.00756,0.013945,0.030941,0.030577999999999998
MET UN Equity,0.02183,0.053548,0.13136599999999998,0.05742,0.09149800000000001,0.238281,-0.051726,-0.060454999999999995,-0.032318,-0.021582,-0.122752,0.09378700000000001
TPR UN Equity,0.05317399999999999,0.124523,0.05317399999999999,0.05317399999999999,0.05317399999999999,0.05317399999999999,-0.018175,0.05317399999999999,0.05317399999999999,0.05317399999999999,0.05317399999999999,0.05317399999999999
EW UN Equity,0.094617,0.101256,0.117444,0.11595000000000001,0.122553,0.113299,0.122805,0.117204,0.127738,0.136955,0.121698,0.11612399999999999
AMP UN Equity,0.065939,0.023029,0.020419,0.163995,0.06152,0.038852000000000005,0.024527999999999998,0.035406,0.016703,0.000516,0.0049,0.051475999999999994
ZBRA UW Equity,0.054720000000000005,0.033342000000000004,0.016251,0.041162000000000004,0.28859999999999997,0.32368899999999995,0.30666,0.322952,0.31923999999999997,0.08558199999999999,0.065824,0.092637
ZBH UN Equity,0.059903000000000005,0.045693000000000004,0.019184,0.037885,0.020059,0.112493,0.11343600000000001,0.118689,0.107905,0.11692,0.015221,0.004003
CPT UN Equity,0.019714,0.013162,0.060774999999999996,0.053162,0.075654,0.069113,0.062060000000000004,0.044726,0.035355,0.039901,0.040796,0.070925
CBRE UN Equity,0.11550700000000001,0.045881,0.017728999999999998,0.11724,0.165411,0.17511700000000002,0.167397,0.22351,0.230187,0.20629999999999998,0.13306800000000002,0.17461500000000002
MA UN Equity,0.149686,0.155419,0.12054000000000001,0.11659900000000001,0.131664,0.11847099999999999,0.09786,0.11814,0.12358000000000001,0.128566,0.10357699999999999,0.136087
ICE UN Equity,0.471858,0.279914,0.15257199999999999,0.209288,0.2554,0.25148499999999996,0.283104,0.287443,0.195332,0.101633,0.138135,0.100868
FIS UN Equity,0.145587,0.0661,0.118923,0.127875,0.05654,0.060729,0.108429,0.076236,0.066128,0.146157,0.120786,0.08473800000000001
CMG UN Equity,0.227261,0.221194,0.193336,0.19573000000000002,0.22517199999999998,0.156325,0.116331,0.096875,0.07732800000000001,0.061266999999999995,0.100166,0.136392
WYNN UW Equity,0.356442,0.18982,0.126286,0.198644,0.070537,-0.052074999999999996,-0.006549,0.047039,0.021152,0.077586,-0.062431,-0.04131
LYV UN Equity,0.034842285714285715,0.034842285714285715,0.034842285714285715,0.034842285714285715,0.034842285714285715,0.070072,0.086782,0.100549,0.100334,0.129485,-0.328349,0.085023
AIZ UN Equity,0.023502000000000002,-0.008862,-0.002056,0.015711,0.038447,0.038104,-0.036611,-0.049492,-0.007066,-0.002191,-0.010398000000000001,0.08001699999999999
NRG UN Equity,0.238187,0.141923,0.08932000000000001,0.110495,0.14382899999999998,0.106417,-0.054147999999999995,-0.023898000000000003,-0.065495,-0.12137700000000001,-0.076092,0.342789
MNST UW Equity,0.26593900000000004,0.220548,0.138381,0.16284300000000002,0.15792299999999998,0.151604,0.129535,0.11438599999999999,0.113117,0.109301,0.131349,0.135844
RF UN Equity,0.051894,-0.094699,-0.11064299999999999,-0.087693,-0.073701,-0.066385,-0.027622,0.006912000000000001,0.0258,0.040701,0.037686000000000004,0.054709
MOS UN Equity,0.007713222222222225,0.007713222222222225,0.007713222222222225,-0.088477,0.083413,0.03063,-0.082279,-0.058017000000000006,0.02931,-0.026819000000000003,0.025831,0.15582700000000002
EXPE UW Equity,0.083144,0.081792,0.079405,0.13161799999999999,0.142193,0.181554,0.21600999999999998,0.18924600000000003,0.173066,0.151652,-0.115412,0.01719
CF UN Equity,0.217306,0.24739,0.116852,0.043493000000000004,0.19143999999999997,-0.020648,-0.127875,-0.057969,-0.031185,-0.029194,-0.002343,0.239832
LDOS UN Equity,0.06275800000000001,0.06275800000000001,0.06275800000000001,0.06275800000000001,0.06275800000000001,0.06275800000000001,0.06275800000000001,0.06275800000000001,0.06275800000000001,0.06275800000000001,0.06275800000000001,0.06275800000000001
DFS UN Equity,0.04979400000000001,0.04979400000000001,0.04979400000000001,0.008286,0.043369,0.051483999999999995,0.046910999999999994,0.057152,0.072722,0.087576,0.048235,0.032410999999999995
V UN Equity,0.1144887,0.1144887,0.138483,0.126523,0.115279,0.09758900000000001,0.118615,0.11305300000000001,0.117808,0.12350199999999999,0.09790499999999999,0.09613
MAA UN Equity,0.06255,0.059995,0.065152,0.205921,0.21580300000000002,0.20308299999999999,0.221342,0.255088,0.10690200000000001,0.104816,0.09976900000000001,0.085776
TSCO UW Equity,0.1180255,0.14507,0.1180255,0.1180255,0.1180255,0.1180255,0.090981,0.1180255,0.1180255,0.1180255,0.1180255,0.1180255
RMD UN Equity,0.158838,0.13273400000000002,0.131878,0.115039,0.08980600000000001,0.082366,0.09774100000000001,0.09812799999999999,0.11118499999999999,0.117213,0.11970800000000001,0.110279
MTD UN Equity,0.07586,0.06999799999999999,0.042874999999999996,0.060675,0.063898,0.025878,0.018243,0.034303,0.036333000000000004,0.03888,0.068482,0.07885
FTNT UW Equity,0.233415875,0.233415875,0.233415875,0.233415875,0.259332,0.25938700000000003,0.245901,0.224812,0.233773,0.225107,0.203281,0.21573399999999998
ALB UN Equity,0.005647999999999999,0.03889,0.027919,0.043198,0.014052,0.036175,-0.003054,0.045224,0.0758,0.106444,0.039996000000000004,0.051196
ESS UN Equity,0.080871,0.06465,0.069575,0.084567,0.22569199999999998,0.234098,0.21441500000000002,0.19186499999999998,0.175364,0.060929000000000004,0.031046,0.024624999999999998
O UN Equity,0.115674,0.10195399999999999,0.101891,0.213329,0.24950399999999998,0.233738,0.208308,0.190074,0.096466,0.099343,0.096343,0.189349
WAB UN Equity,0.15824783333333334,0.15824783333333334,0.15824783333333334,0.15824783333333334,0.15824783333333334,0.15824783333333334,0.072874,0.11995900000000001,0.104048,0.236051,0.194307,0.22224799999999997
POOL UW Equity,-0.04238,-0.032189,0.004,0.056449,0.102568,0.11446999999999999,0.10486599999999999,0.10705500000000001,0.097681,0.091139,0.151209,0.18390499999999999
CHD UN Equity,0.08779999999999999,0.068022,0.069116,0.049879,0.052295,0.058675,0.041517,0.049938,0.054862,0.057419000000000005,0.08196099999999999,0.08842900000000001
DRE UN Equity,-0.025259799999999995,-0.025259799999999995,-0.057980000000000004,-0.065847,-0.055484,-0.04629,-0.09781100000000001,-0.031204,-0.000965,-0.013184,0.03746,0.078707
FRT UN Equity,0.05788263636363637,0.072283,0.042385,0.041774,0.049658,0.06987700000000001,0.076074,0.075295,0.075141,0.06278500000000001,0.026604000000000003,0.044833
MGM UN Equity,-0.023138000000000002,0.044672,0.035343,0.091192,0.104331,0.08239800000000001,0.013883000000000001,0.025124,0.039670000000000004,0.059517,-0.073853,0.044336
PTC UW Equity,0.058298749999999996,0.07503,0.058298749999999996,0.058298749999999996,0.058298749999999996,0.058298749999999996,-0.020935000000000002,0.058298749999999996,0.058298749999999996,0.058298749999999996,0.080732,0.098368
JBHT UW Equity,0.035108,0.07188699999999999,0.072058,0.108767,0.129129,0.097075,0.073906,0.08262399999999999,0.09471500000000001,0.08769199999999999,0.11049899999999999,0.152336
MHK UN Equity,-0.068996,-0.062045,-0.044995,0.05315,0.076938,0.096209,0.096289,0.105367,0.049394,0.044368,0.05745,0.048121
PNR UN Equity,0.0058709999999999995,0.031027999999999997,0.16094899999999998,0.189889,0.207471,0.11324999999999999,0.065364,-0.063552,-0.16561299999999998,-0.159694,-0.09190300000000001,-0.036097000000000004
VRTX UW Equity,0.0054859999999999996,0.42986199999999997,0.45628799999999997,0.606558,0.336582,0.448577,-0.040262,0.143018,0.198986,0.577747,0.312497,0.352061
URI UN Equity,-0.076755,-0.044974999999999994,0.060757000000000005,0.110851,0.22935199999999997,0.20599399999999998,0.15343299999999999,0.090029,0.115015,0.09445600000000001,0.083949,0.127571
ARE UN Equity,0.156197,0.086648,0.070489,0.06279499999999999,0.103971,0.111894,0.12340899999999999,0.145862,0.150609,0.166847,0.156695,0.182843
ABMD UW Equity,0.209741,0.20066199999999998,0.19020299999999998,0.21746200000000002,0.221525,0.257877,0.289221,0.32126600000000005,0.341316,0.290097,0.219773,0.17894500000000002
DAL UN Equity,0.027278899999999995,0.027278899999999995,0.12931499999999999,0.06217399999999999,0.072291,0.040559000000000005,0.024034,0.035254,0.03428,0.034664,-0.16003599999999998,0.000254
STX UW Equity,0.034037000000000005,0.0244645,0.0244645,0.0244645,0.0244645,0.0244645,0.0244645,0.0244645,0.0244645,0.0244645,0.0244645,0.014892
CNC UN Equity,0.371138,0.371138,0.371138,0.371138,0.340226,0.397809,0.512018,0.413185,0.41375500000000004,0.318991,0.350283,0.222837
MLM UN Equity,-0.048641,-0.044893,-0.011686,0.029834,0.179746,0.166766,0.176464,0.140837,0.133599,0.051441,0.069096,0.095405
TSLA UW Equity,0.784034625,0.784034625,0.784034625,0.784034625,1.199475,1.018009,1.252782,0.607513,0.636711,0.504897,0.546544,0.506346
DISH UW Equity,0.019750200000000002,0.019750200000000002,-0.02831,0.039101,0.044394,0.041805,0.006594,0.068255,-0.013453999999999999,-0.025185,0.029788000000000002,0.034514
PENN UW Equity,0.037462,0.033802,0.048906,0.024546000000000002,0.032238,0.030948000000000003,0.01892,0.006692,0.123737,0.155405,0.069578,0.161799
RE UN Equity,0.032735,0.018555,0.027913999999999998,0.159852,0.051467,0.038311000000000005,0.046490000000000004,0.08132500000000001,0.033815,0.07835,0.127033,0.14093999999999998
TDY UN Equity,0.04529400000000001,0.04529400000000001,0.04529400000000001,0.04529400000000001,0.04529400000000001,0.04529400000000001,0.04529400000000001,0.044206,0.04638200000000001,0.04529400000000001,0.04529400000000001,0.04529400000000001
GPN UN Equity,0.17965020000000004,0.17965020000000004,0.17965020000000004,0.17965020000000004,0.17965020000000004,0.17965020000000004,0.17965020000000004,0.120442,0.073258,0.241492,0.222621,0.240438
CCI UN Equity,0.1011205,0.1011205,0.1011205,0.1011205,0.1011205,0.1011205,0.1011205,0.1011205,0.119826,0.09022000000000001,0.09559200000000001,0.09884399999999999
AAP UN Equity,0.07459199999999999,0.054921,0.07459199999999999,0.07459199999999999,0.07459199999999999,0.07459199999999999,0.094263,0.07459199999999999,0.07459199999999999,0.07459199999999999,0.07459199999999999,0.07459199999999999
ALGN UW Equity,0.126688,0.184896,0.145202,0.191882,0.18052800000000002,0.19909400000000002,0.17863600000000002,0.241518,0.245332,0.26753,0.29371200000000003,0.285957
ILMN UW Equity,0.202624,0.202624,0.202624,0.202624,0.202624,0.202624,0.202624,0.202624,0.202624,0.202624,0.202624,0.202624
LKQ UW Equity,0.361804,0.356542,0.20824,0.231544,0.248174,0.210079,0.180083,0.18257,0.179256,0.12314,0.110516,0.081795
DLR UN Equity,0.318458,0.268293,0.268407,0.209604,0.194128,0.159606,0.163412,0.15901300000000002,0.15360300000000002,0.138207,0.162529,0.140126
EQIX UW Equity,0.19177290000000002,0.19177290000000002,0.295673,0.242504,0.213444,0.161701,0.16926100000000002,0.18831900000000001,0.18331299999999998,0.17301,0.164486,0.12601800000000002
MOH UN Equity,0.206235,0.189102,0.183491,0.15987600000000002,0.237822,0.283535,0.278526,0.25685199999999997,0.222856,0.088111,0.068145,0.10669100000000001
LVS UN Equity,0.32113100000000006,0.31943699999999997,0.24026399999999998,0.273034,0.216121,0.07267699999999999,0.038612,0.019624,-0.010086999999999999,0.005386999999999999,-0.18723099999999998,-0.199939
